atletas.atleta_id,atletas.clube.id.full.name,atletas.pontos_num,atletas.preco_num,atletas.posicao_id,A,CA,CV,DD,DP,FC,FD,FF,FS,FT,G,GC,GS,I,PE,PP,RB,SG
37281,Palmeiras,-0.62,0.0,tec,0.0,0.0,0.0,0.0,0.0,0.0,0.0,0.0,0.0,0.0,0.0,0.0,0.0,0.0,0.0,0.0,0.0,0.0
37646,Avaí,0,0.0,zag,0.0,6,1,0.0,0.0,20,1,3,28,0.0,0.0,0.0,0.0,0.0,50,0.0,32,6
37246,Goiás,4.01,0.0,tec,0.0,0.0,0.0,0.0,0.0,0.0,0.0,0.0,0.0,0.0,0.0,0.0,0.0,0.0,0.0,0.0,0.0,0.0
38196,Grêmio,0,0.0,mei,2,6,0.0,0.0,0.0,16,3,4,10,0.0,3,0.0,0.0,0.0,37,0.0,16,0.0
37655,Goiás,7.4,0.0,ata,0.0,4,1,0.0,0.0,47,3,16,24,0.0,5,0.0,0.0,5,24,0.0,8,0.0
68954,Cruzeiro,0,0.0,mei,2,2,0.0,0.0,0.0,13,5,7,18,1,0.0,0.0,0.0,2,29,0.0,17,0.0
37662,Atlético-PR,5,0.0,lat,0.0,2,0.0,0.0,0.0,5,1,0.0,4,0.0,1,0.0,0.0,0.0,7,0.0,6,3
37614,Santos,0,0.0,mei,4,1,1,0.0,0.0,30,4,4,25,0.0,0.0,0.0,0.0,2,23,0.0,17,0.0
37657,Palmeiras,0,0.0,zag,0.0,0.0,0.0,0.0,0.0,3,1,3,2,0.0,0.0,0.0,0.0,0.0,1,0.0,4,2
37656,Cruzeiro,1,0.0,gol,0.0,2,0.0,41,2,0.0,0.0,0.0,5,0.0,0.0,0.0,35,0.0,13,0.0,0.0,12
37673,CSA,0,0.0,ata,0.0,1,0.0,0.0,0.0,20,6,11,11,0.0,2,0.0,0.0,7,19,1,7,0.0
38515,Avaí,1.2,0.0,zag,0.0,2,0.0,0.0,0.0,16,0.0,9,9,1,0.0,0.0,0.0,1,26,0.0,20,2
38545,Palmeiras,0,0.0,mei,1,7,1,0.0,0.0,32,4,14,26,0.0,3,0.0,0.0,1,41,0.0,26,0.0
38523,Cruzeiro,0,0.0,lat,0.0,2,2,0.0,0.0,16,0.0,5,10,2,0.0,0.0,0.0,0.0,26,0.0,18,4
38648,São Paulo,0,0.0,mei,4,4,0.0,0.0,0.0,23,13,15,24,0.0,2,0.0,0.0,1,26,0.0,24,0.0
38750,Flamengo,0,0.0,lat,0.0,0.0,0.0,0.0,0.0,21,1,0.0,10,0.0,0.0,0.0,0.0,0.0,31,0.0,40,6
38910,Atlético-MG,0,0.0,ata,2,0.0,0.0,0.0,0.0,15,9,14,17,1,2,0.0,0.0,2,11,1,6,0.0
38632,Fluminense,0,0.0,zag,0.0,1,0.0,0.0,0.0,7,4,3,2,0.0,1,0.0,0.0,1,6,0.0,11,0.0
38573,CSA,1,0.0,mei,0.0,3,0.0,0.0,0.0,11,0.0,2,7,0.0,0.0,0.0,0.0,0.0,12,0.0,9,0.0
38738,Avaí,0,0.0,mei,1,1,0.0,0.0,0.0,3,1,6,8,0.0,0.0,0.0,0.0,2,34,0.0,2,0.0
38909,Flamengo,1.2,0.0,mei,0.0,5,0.0,0.0,0.0,12,7,9,21,2,0.0,0.0,0.0,0.0,32,1,9,0.0
38959,Corinthians,0,0.0,ata,0.0,4,0.0,0.0,0.0,30,5,11,35,0.0,5,0.0,0.0,9,33,0.0,13,0.0
38913,Fluminense,-0.5,0.0,mei,2,1,1,0.0,0.0,20,5,19,32,0.0,3,0.0,0.0,2,72,0.0,15,0.0
39572,Chapecoense,5.2,0.0,ata,0.0,2,0.0,0.0,0.0,8,5,8,31,0.0,0.0,0.0,0.0,0.0,13,0.0,11,0.0
38451,CSA,0,0.0,lat,0.0,2,0.0,0.0,0.0,22,6,11,24,0.0,2,1,0.0,2,59,0.0,41,8
41258,Cruzeiro,2.34,0.0,tec,0.0,0.0,0.0,0.0,0.0,0.0,0.0,0.0,0.0,0.0,0.0,0.0,0.0,0.0,0.0,0.0,0.0,0.0
39850,Atlético-MG,2.8,0.0,tec,0.0,0.0,0.0,0.0,0.0,0.0,0.0,0.0,0.0,0.0,0.0,0.0,0.0,0.0,0.0,0.0,0.0,0.0
38939,São Paulo,9.6,0.0,lat,3,4,0.0,0.0,0.0,37,4,11,35,1,2,0.0,0.0,4,61,0.0,31,6
38505,Vasco,5.9,0.0,zag,1,9,1,0.0,0.0,17,3,4,17,0.0,2,0.0,0.0,2,24,0.0,23,6
69014,Corinthians,5.5,0.0,zag,0.0,1,0.0,0.0,0.0,28,2,7,13,0.0,1,1,0.0,0.0,36,0.0,30,13
69012,Atlético-PR,8,0.0,gol,0.0,1,0.0,33,2,1,0.0,0.0,4,0.0,0.0,0.0,19,0.0,21,0.0,1,11
69022,Atlético-PR,4.2,0.0,ata,2,0.0,0.0,0.0,0.0,21,8,18,27,1,9,0.0,0.0,7,37,1,17,0.0
38509,Flamengo,-2,0.0,gol,0.0,0.0,0.0,37,2,0.0,0.0,0.0,4,0.0,0.0,0.0,21,0.0,16,0.0,2,13
69041,Fluminense,0,0.0,gol,0.0,1,0.0,37,0.0,1,0.0,0.0,6,0.0,0.0,0.0,21,0.0,6,0.0,0.0,7
69040,Avaí,-0.3,0.0,gol,0.0,3,0.0,63,0.0,0.0,0.0,0.0,3,0.0,0.0,0.0,46,0.0,6,0.0,0.0,8
69177,Avaí,-1,0.0,lat,2,5,2,0.0,0.0,31,0.0,9,21,0.0,0.0,0.0,0.0,1,26,0.0,21,4
69047,Fortaleza,0,0.0,mei,0.0,0.0,0.0,0.0,0.0,5,0.0,1,7,0.0,0.0,0.0,0.0,0.0,7,0.0,2,0.0
69141,CSA,2,0.0,ata,2,5,0.0,0.0,0.0,33,12,14,47,1,7,0.0,0.0,14,33,1,14,0.0
69705,Atlético-PR,7,0.0,mei,2,3,0.0,0.0,0.0,23,21,25,20,1,5,0.0,0.0,5,33,0.0,14,0.0
69161,Corinthians,8,0.0,ata,2,3,0.0,0.0,0.0,10,8,7,15,0.0,6,0.0,0.0,2,21,0.0,2,0.0
69138,São Paulo,4.4,0.0,ata,1,3,0.0,0.0,0.0,25,5,13,10,1,3,0.0,0.0,10,10,0.0,3,0.0
69051,Internacional,0,0.0,gol,0.0,0.0,0.0,12,0.0,0.0,0.0,0.0,0.0,0.0,0.0,0.0,5,0.0,1,0.0,0.0,1
69288,CSA,0,0.0,ata,0.0,0.0,0.0,0.0,0.0,2,0.0,1,0.0,0.0,0.0,0.0,0.0,0.0,3,0.0,1,0.0
70009,Grêmio,0,0.0,mei,0.0,3,0.0,0.0,0.0,23,2,4,11,0.0,2,0.0,0.0,0.0,18,0.0,15,0.0
38229,Atlético-MG,3,0.0,lat,1,5,0.0,0.0,0.0,29,4,3,21,2,3,0.0,0.0,2,46,0.0,20,6
70046,Santos,0,0.0,lat,1,3,0.0,0.0,0.0,12,6,5,15,0.0,0.0,0.0,0.0,1,59,0.0,36,12
70916,Palmeiras,0,0.0,lat,1,2,0.0,0.0,0.0,37,3,5,22,0.0,0.0,0.0,0.0,1,30,0.0,58,9
70132,Botafogo,0,0.0,mei,0.0,0.0,0.0,0.0,0.0,5,0.0,1,3,0.0,0.0,0.0,0.0,0.0,3,0.0,2,0.0
70116,Vasco,0,0.0,mei,0.0,4,0.0,0.0,0.0,10,3,12,6,0.0,1,0.0,0.0,0.0,11,0.0,16,0.0
70360,Santos,-2.5,0.0,ata,3,2,0.0,0.0,0.0,19,19,22,29,2,13,0.0,0.0,10,55,0.0,30,0.0
70222,Vasco,0,0.0,gol,0.0,0.0,0.0,8,0.0,0.0,0.0,0.0,0.0,0.0,0.0,0.0,8,0.0,6,0.0,0.0,0.0
70934,Fortaleza,0,0.0,zag,0.0,2,0.0,0.0,0.0,10,1,3,11,0.0,0.0,0.0,0.0,1,21,0.0,6,3
70666,Corinthians,0,0.0,zag,0.0,1,0.0,0.0,0.0,2,0.0,2,8,0.0,0.0,0.0,0.0,0.0,5,0.0,3,1
70944,Palmeiras,0,0.0,mei,1,2,0.0,0.0,0.0,43,8,21,24,0.0,7,0.0,0.0,0.0,57,0.0,35,0.0
70925,Ceará,0,0.0,mei,0.0,2,0.0,0.0,0.0,13,3,1,7,0.0,0.0,0.0,0.0,3,14,0.0,8,0.0
70800,Santos,0.14,0.0,tec,0.0,0.0,0.0,0.0,0.0,0.0,0.0,0.0,0.0,0.0,0.0,0.0,0.0,0.0,0.0,0.0,0.0,0.0
70784,São Paulo,0,0.0,ata,0.0,0.0,0.0,0.0,0.0,0.0,0.0,0.0,0.0,0.0,0.0,0.0,0.0,0.0,0.0,0.0,0.0,0.0
71113,Ceará,5.8,0.0,mei,2,2,0.0,0.0,0.0,13,7,9,5,1,1,0.0,0.0,0.0,41,0.0,15,0.0
70986,Atlético-PR,0.5,0.0,mei,1,2,0.0,0.0,0.0,18,15,9,26,0.0,4,0.0,0.0,0.0,19,0.0,33,0.0
71019,Santos,0,0.0,mei,0.0,0.0,0.0,0.0,0.0,0.0,0.0,0.0,0.0,0.0,0.0,0.0,0.0,0.0,0.0,0.0,0.0,0.0
71116,Chapecoense,6.3,0.0,lat,1,2,0.0,0.0,0.0,19,6,19,28,0.0,0.0,0.0,0.0,1,20,0.0,15,3
71043,Atlético-PR,0,0.0,gol,0.0,1,0.0,8,0.0,0.0,0.0,0.0,1,0.0,0.0,0.0,7,0.0,2,0.0,0.0,1
62974,Vasco,0,0.0,zag,0.0,0.0,0.0,0.0,0.0,5,3,0.0,3,0.0,0.0,1,0.0,3,5,0.0,2,1
71571,Vasco,10,0.0,gol,0.0,2,0.0,40,0.0,0.0,0.0,0.0,2,0.0,0.0,0.0,24,0.0,8,0.0,0.0,9
71233,Vasco,3,0.0,mei,0.0,2,0.0,0.0,0.0,9,4,8,10,0.0,2,0.0,0.0,0.0,20,0.0,8,0.0
71479,Atlético-PR,0.6,0.0,mei,0.0,1,0.0,0.0,0.0,17,2,7,3,0.0,1,0.0,0.0,0.0,23,0.0,5,0.0
71162,Atlético-MG,-0.1,0.0,mei,2,2,1,0.0,0.0,10,12,14,20,2,2,0.0,0.0,1,64,0.0,15,0.0
71224,Flamengo,6.49,0.0,tec,0.0,0.0,0.0,0.0,0.0,0.0,0.0,0.0,0.0,0.0,0.0,0.0,0.0,0.0,0.0,0.0,0.0,0.0
71604,Goiás,-1.5,0.0,zag,0.0,3,0.0,0.0,0.0,17,3,5,20,0.0,1,0.0,0.0,0.0,19,0.0,19,6
71719,Bahia,0,0.0,mei,0.0,1,0.0,0.0,0.0,19,1,4,0.0,0.0,0.0,0.0,0.0,0.0,15,0.0,18,0.0
71631,Palmeiras,-4,0.0,gol,0.0,3,0.0,31,1,1,0.0,0.0,3,0.0,0.0,0.0,23,0.0,7,0.0,0.0,8
71667,Goiás,0,0.0,mei,0.0,5,0.0,0.0,0.0,39,1,8,9,0.0,0.0,0.0,0.0,0.0,35,0.0,21,0.0
71787,Ceará,0,0.0,mei,0.0,0.0,0.0,0.0,0.0,3,1,4,5,1,0.0,0.0,0.0,0.0,5,0.0,1,0.0
71680,Vasco,0,0.0,lat,0.0,1,0.0,0.0,0.0,13,1,0.0,1,0.0,0.0,0.0,0.0,1,8,0.0,2,1
71042,Chapecoense,0,0.0,mei,2,0.0,0.0,0.0,0.0,27,9,4,15,0.0,0.0,0.0,0.0,3,20,0.0,13,0.0
71829,Corinthians,13.2,0.0,mei,0.0,4,0.0,0.0,0.0,33,12,11,24,0.0,2,0.0,0.0,1,36,0.0,30,0.0
71882,Ceará,1,0.0,gol,0.0,2,0.0,49,0.0,0.0,0.0,0.0,13,0.0,0.0,0.0,36,0.0,15,0.0,1,8
71684,Palmeiras,0,0.0,zag,0.0,6,1,0.0,0.0,19,4,3,16,1,2,0.0,0.0,2,19,0.0,25,6
71920,Grêmio,0.4,0.0,mei,1,5,0.0,0.0,0.0,33,6,8,3,0.0,0.0,2,0.0,1,31,0.0,43,0.0
72168,Botafogo,7.1,0.0,mei,2,5,0.0,0.0,0.0,34,11,11,56,0.0,3,0.0,0.0,0.0,103,0.0,50,0.0
72097,Bahia,0,0.0,lat,0.0,1,0.0,0.0,0.0,7,0.0,1,3,0.0,0.0,0.0,0.0,0.0,18,0.0,13,5
72018,São Paulo,10.7,0.0,gol,0.0,1,0.0,51,0.0,0.0,0.0,0.0,9,0.0,0.0,0.0,25,0.0,30,0.0,0.0,14
72142,Corinthians,5,0.0,lat,0.0,6,0.0,0.0,0.0,33,8,5,27,0.0,1,0.0,0.0,1,39,0.0,34,12
62977,Fluminense,0.9,0.0,mei,0.0,8,0.0,0.0,0.0,31,13,14,37,0.0,2,0.0,0.0,0.0,84,0.0,30,0.0
71844,Ceará,8.3,0.0,mei,1,3,0.0,0.0,0.0,32,21,30,44,2,11,0.0,0.0,9,79,1,25,0.0
72290,Palmeiras,0,0.0,gol,0.0,0.0,0.0,4,0.0,0.0,0.0,0.0,0.0,0.0,0.0,0.0,3,0.0,0.0,0.0,0.0,0.0
71937,Fortaleza,0.9,0.0,mei,5,5,0.0,0.0,0.0,54,11,22,27,0.0,3,1,0.0,0.0,73,0.0,41,0.0
72071,CSA,0,0.0,mei,0.0,0.0,0.0,0.0,0.0,0.0,0.0,0.0,0.0,0.0,0.0,0.0,0.0,0.0,0.0,0.0,0.0,0.0
72079,Grêmio,-2,0.0,lat,2,4,0.0,0.0,0.0,21,1,1,19,0.0,1,0.0,0.0,4,42,0.0,30,5
63013,Palmeiras,0,0.0,lat,1,3,0.0,0.0,0.0,34,1,5,29,0.0,1,0.0,0.0,1,72,0.0,75,8
72359,Ceará,0,0.0,zag,1,6,0.0,0.0,0.0,30,3,3,13,0.0,2,0.0,0.0,0.0,26,0.0,33,6
72372,Fortaleza,4,0.0,gol,0.0,4,0.0,48,1,1,0.0,0.0,1,0.0,0.0,0.0,37,0.0,36,0.0,0.0,5
72294,Santos,-1,0.0,gol,0.0,1,0.0,34,1,1,0.0,0.0,9,0.0,0.0,0.0,26,0.0,43,0.0,0.0,12
63110,Goiás,0,0.0,lat,0.0,7,0.0,0.0,0.0,23,3,1,23,0.0,1,0.0,0.0,0.0,10,0.0,8,3
72391,São Paulo,5.92,0.0,tec,0.0,0.0,0.0,0.0,0.0,0.0,0.0,0.0,0.0,0.0,0.0,0.0,0.0,0.0,0.0,0.0,0.0,0.0
72497,Chapecoense,1.5,0.0,mei,1,0.0,0.0,0.0,0.0,35,4,11,35,0.0,1,0.0,0.0,0.0,34,0.0,44,0.0
72494,CSA,0,0.0,lat,1,1,0.0,0.0,0.0,7,1,0.0,4,0.0,0.0,0.0,0.0,0.0,29,0.0,17,1
72362,Internacional,0,0.0,mei,2,3,0.0,0.0,0.0,34,6,12,24,2,4,0.0,0.0,1,37,0.0,53,0.0
72620,São Paulo,2.7,0.0,lat,2,2,0.0,0.0,0.0,21,0.0,0.0,4,0.0,0.0,0.0,0.0,0.0,23,0.0,16,6
71724,Fluminense,0,0.0,gol,0.0,0.0,1,9,0.0,0.0,0.0,0.0,3,0.0,0.0,0.0,7,0.0,1,0.0,0.0,1
72605,Palmeiras,0.7,0.0,zag,0.0,1,0.0,0.0,0.0,14,5,5,7,0.0,0.0,0.0,0.0,4,11,0.0,16,5
63082,Fluminense,0,0.0,gol,0.0,0.0,0.0,7,0.0,0.0,0.0,0.0,1,0.0,0.0,0.0,12,0.0,5,0.0,0.0,0.0
72772,Palmeiras,2,0.0,ata,1,0.0,0.0,0.0,0.0,15,2,5,13,0.0,3,0.0,0.0,3,9,0.0,1,0.0
73317,Ceará,5.65,0.0,tec,0.0,0.0,0.0,0.0,0.0,0.0,0.0,0.0,0.0,0.0,0.0,0.0,0.0,0.0,0.0,0.0,0.0,0.0
73281,Corinthians,0,0.0,mei,0.0,0.0,0.0,0.0,0.0,1,0.0,0.0,3,0.0,0.0,0.0,0.0,0.0,1,0.0,1,0.0
73384,Ceará,-1.4,0.0,lat,3,10,1,0.0,0.0,39,5,16,59,1,0.0,0.0,0.0,3,71,0.0,44,8
63128,Chapecoense,3.2,0.0,zag,1,8,0.0,0.0,0.0,25,2,5,9,0.0,0.0,0.0,0.0,0.0,18,0.0,16,5
73421,Goiás,1,0.0,zag,1,2,0.0,0.0,0.0,12,15,22,20,0.0,5,1,0.0,0.0,112,0.0,30,9
73446,Fortaleza,0,0.0,ata,0.0,0.0,0.0,0.0,0.0,0.0,0.0,0.0,0.0,0.0,0.0,0.0,0.0,0.0,0.0,0.0,0.0,0.0
63172,Fortaleza,-0.3,0.0,zag,0.0,1,0.0,0.0,0.0,6,1,1,4,0.0,2,0.0,0.0,0.0,16,0.0,10,3
73476,Fluminense,4.56,0.0,tec,0.0,0.0,0.0,0.0,0.0,0.0,0.0,0.0,0.0,0.0,0.0,0.0,0.0,0.0,0.0,0.0,0.0,0.0
73465,Fluminense,0,0.0,zag,0.0,0.0,0.0,0.0,0.0,0.0,0.0,0.0,0.0,0.0,0.0,0.0,0.0,0.0,0.0,0.0,0.0,0.0
73513,CSA,0,0.0,ata,0.0,0.0,0.0,0.0,0.0,12,1,3,18,0.0,1,0.0,0.0,4,14,0.0,6,0.0
73501,Avaí,0,0.0,mei,0.0,3,0.0,0.0,0.0,7,6,6,4,0.0,0.0,0.0,0.0,0.0,22,0.0,14,0.0
73608,Fortaleza,0,0.0,mei,0.0,1,0.0,0.0,0.0,6,2,3,4,0.0,0.0,0.0,0.0,0.0,7,0.0,2,0.0
73533,Avaí,0,0.0,gol,0.0,0.0,0.0,2,0.0,0.0,0.0,0.0,0.0,0.0,0.0,0.0,2,0.0,0.0,0.0,0.0,0.0
73619,Fluminense,0,0.0,ata,0.0,2,0.0,0.0,0.0,17,5,13,32,0.0,1,0.0,0.0,0.0,9,0.0,5,0.0
73540,Bahia,0,0.0,ata,0.0,0.0,0.0,0.0,0.0,12,8,5,15,0.0,1,0.0,0.0,3,10,0.0,5,0.0
73620,São Paulo,9.6,0.0,zag,1,5,0.0,0.0,0.0,45,5,10,25,0.0,1,0.0,0.0,1,37,0.0,39,13
73721,Botafogo,0,0.0,mei,0.0,0.0,0.0,0.0,0.0,3,0.0,0.0,3,0.0,0.0,0.0,0.0,0.0,3,0.0,2,0.0
63178,CSA,0,0.0,mei,0.0,3,0.0,0.0,0.0,15,2,3,15,0.0,0.0,0.0,0.0,0.0,21,0.0,17,0.0
73896,Atlético-MG,0,0.0,ata,1,4,1,0.0,0.0,27,10,12,26,1,0.0,0.0,0.0,1,33,0.0,17,0.0
73800,Flamengo,-1.2,0.0,zag,0.0,4,0.0,0.0,0.0,29,4,16,12,0.0,2,0.0,0.0,1,24,0.0,23,12
63194,Fortaleza,0,0.0,lat,2,6,1,0.0,0.0,50,4,7,18,0.0,1,0.0,0.0,2,47,0.0,47,4
73858,CSA,-0.8,0.0,mei,2,5,0.0,0.0,0.0,26,3,6,15,0.0,0.0,0.0,0.0,0.0,27,0.0,25,0.0
73992,Flamengo,0.7,0.0,lat,1,4,0.0,0.0,0.0,15,1,1,10,0.0,0.0,0.0,0.0,2,11,0.0,17,4
73789,Goiás,1.5,0.0,mei,0.0,4,0.0,0.0,0.0,29,3,2,13,0.0,1,0.0,0.0,0.0,25,0.0,36,0.0
73741,Atlético-PR,0,0.0,ata,3,3,0.0,0.0,0.0,38,10,12,11,3,3,0.0,0.0,6,16,0.0,14,0.0
63219,Atlético-MG,-2.4,0.0,mei,1,5,0.0,0.0,0.0,51,6,22,51,0.0,3,0.0,0.0,6,73,1,49,0.0
73974,Santos,3.4,0.0,mei,1,7,0.0,0.0,0.0,35,0.0,8,20,0.0,0.0,0.0,0.0,0.0,23,0.0,52,0.0
74069,Avaí,0,0.0,mei,1,1,1,0.0,0.0,18,4,8,13,0.0,0.0,0.0,0.0,1,39,0.0,21,0.0
63289,Internacional,0.3,0.0,mei,2,7,0.0,0.0,0.0,28,8,4,20,0.0,5,0.0,0.0,0.0,59,0.0,30,0.0
74061,Botafogo,8,0.0,gol,0.0,4,0.0,51,0.0,0.0,0.0,0.0,5,0.0,0.0,0.0,31,0.0,16,0.0,0.0,10
74140,Bahia,10.8,0.0,mei,2,3,0.0,0.0,0.0,12,11,7,68,0.0,3,0.0,0.0,3,48,0.0,25,0.0
38001,Bahia,0,0.0,gol,0.0,0.0,0.0,1,0.0,0.0,0.0,0.0,0.0,0.0,0.0,0.0,2,0.0,0.0,0.0,0.0,0.0
74074,Vasco,0,0.0,lat,0.0,1,0.0,0.0,0.0,2,0.0,2,0.0,0.0,0.0,0.0,0.0,0.0,6,0.0,5,0.0
38277,Cruzeiro,1.8,0.0,mei,5,8,0.0,0.0,0.0,22,24,36,32,1,6,0.0,0.0,2,66,1,16,0.0
38311,Chapecoense,0.5,0.0,mei,0.0,4,1,0.0,0.0,33,4,8,46,0.0,0.0,0.0,0.0,0.0,39,0.0,61,0.0
63354,Internacional,3.6,0.0,zag,0.0,2,0.0,0.0,0.0,9,4,5,8,0.0,1,0.0,0.0,0.0,14,0.0,20,4
38231,Grêmio,-4.6,0.0,ata,1,2,1,0.0,0.0,25,16,7,22,0.0,4,0.0,0.0,6,61,1,17,0.0
38279,Fortaleza,3.3,0.0,ata,3,7,0.0,0.0,0.0,51,16,20,39,2,13,0.0,0.0,12,40,0.0,12,0.0
38394,Atlético-PR,7.8,0.0,zag,0.0,6,0.0,0.0,0.0,19,6,4,13,0.0,0.0,0.0,0.0,0.0,18,0.0,11,5
38315,Corinthians,4,0.0,mei,1,3,0.0,0.0,0.0,6,1,8,3,1,0.0,0.0,0.0,0.0,23,0.0,1,0.0
38336,Atlético-PR,6,0.0,lat,1,3,0.0,0.0,0.0,10,0.0,1,3,0.0,1,0.0,0.0,0.0,18,0.0,9,3
63422,São Paulo,0,0.0,mei,0.0,0.0,0.0,0.0,0.0,4,0.0,0.0,5,0.0,0.0,0.0,0.0,0.0,3,0.0,5,0.0
38431,Botafogo,0,0.0,gol,0.0,0.0,0.0,23,0.0,1,0.0,0.0,0.0,0.0,0.0,0.0,10,0.0,1,0.0,0.0,0.0
68690,Grêmio,0,0.0,ata,2,3,0.0,0.0,0.0,20,6,6,19,1,2,0.0,0.0,5,18,1,10,0.0
68698,Internacional,-0.1,0.0,mei,0.0,4,0.0,0.0,0.0,24,4,4,15,0.0,0.0,0.0,0.0,1,25,0.0,28,0.0
68696,Ceará,0,0.0,ata,1,3,0.0,0.0,0.0,22,17,15,30,0.0,3,0.0,0.0,12,20,1,11,0.0
68770,Atlético-PR,-3,0.0,mei,0.0,2,0.0,0.0,0.0,14,1,1,3,0.0,0.0,0.0,0.0,0.0,11,0.0,15,0.0
68808,Bahia,1.1,0.0,lat,4,4,0.0,0.0,0.0,34,8,8,38,1,2,0.0,0.0,0.0,62,0.0,40,10
68727,Cruzeiro,0,0.0,lat,0.0,2,0.0,0.0,0.0,24,5,2,6,1,0.0,0.0,0.0,1,37,0.0,25,8
68834,Internacional,0,0.0,mei,1,0.0,0.0,0.0,0.0,14,1,2,6,0.0,0.0,0.0,0.0,0.0,13,0.0,17,0.0
68821,Grêmio,5.7,0.0,lat,3,0.0,1,0.0,0.0,14,4,2,8,0.0,2,0.0,0.0,1,27,0.0,17,6
68773,Chapecoense,5.2,0.0,ata,0.0,3,0.0,0.0,0.0,11,8,12,11,0.0,3,0.0,0.0,1,16,0.0,11,0.0
68817,Grêmio,0,0.0,zag,0.0,2,0.0,0.0,0.0,14,1,0.0,4,0.0,1,1,0.0,0.0,14,0.0,11,4
68873,Grêmio,1.7,0.0,gol,0.0,1,0.0,36,0.0,0.0,0.0,0.0,2,0.0,0.0,0.0,21,0.0,12,0.0,0.0,10
68872,Internacional,-0.8,0.0,gol,0.0,1,1,44,1,0.0,0.0,0.0,9,0.0,0.0,0.0,31,0.0,4,0.0,0.0,10
68901,Botafogo,0,0.0,ata,3,6,0.0,0.0,0.0,28,6,9,6,0.0,0.0,0.0,0.0,3,40,0.0,13,0.0
68886,Fluminense,4.5,0.0,zag,0.0,3,2,0.0,0.0,26,1,3,14,0.0,1,0.0,0.0,1,19,0.0,31,8
68938,Goiás,0,0.0,mei,1,1,1,0.0,0.0,16,6,8,15,0.0,0.0,0.0,0.0,0.0,37,0.0,14,0.0
68896,Vasco,0,0.0,lat,0.0,0.0,0.0,0.0,0.0,0.0,0.0,0.0,0.0,0.0,0.0,0.0,0.0,0.0,0.0,0.0,0.0,0.0
68925,Atlético-MG,-0.3,0.0,zag,0.0,5,0.0,0.0,0.0,14,2,4,15,1,1,0.0,0.0,0.0,16,0.0,12,1
68895,Internacional,0,0.0,ata,1,1,0.0,0.0,0.0,3,6,10,26,0.0,1,0.0,0.0,1,27,0.0,9,0.0
68928,Cruzeiro,0,0.0,gol,0.0,0.0,0.0,5,0.0,0.0,0.0,0.0,1,0.0,0.0,0.0,6,0.0,1,0.0,0.0,1
68911,Botafogo,2.4,0.0,ata,1,5,0.0,0.0,0.0,31,11,14,55,1,7,0.0,0.0,9,54,0.0,8,0.0
68887,Chapecoense,0,0.0,zag,0.0,1,2,0.0,0.0,11,7,7,14,0.0,1,1,0.0,2,45,0.0,13,4
68923,Corinthians,6.5,0.0,zag,1,4,0.0,0.0,0.0,10,2,8,3,1,1,0.0,0.0,4,11,0.0,29,9
68920,Palmeiras,0.5,0.0,ata,4,4,0.0,0.0,0.0,27,25,28,103,2,6,0.0,0.0,7,82,0.0,13,0.0
68950,CSA,0,0.0,zag,0.0,1,0.0,0.0,0.0,9,0.0,6,5,0.0,0.0,1,0.0,0.0,4,0.0,7,1
68987,CSA,-3.9,0.0,mei,0.0,5,1,0.0,0.0,40,1,3,12,0.0,0.0,0.0,0.0,1,28,0.0,46,0.0
38144,Flamengo,0,0.0,lat,4,6,0.0,0.0,0.0,25,3,1,15,0.0,0.0,0.0,0.0,1,30,0.0,20,9
69008,Chapecoense,0,0.0,zag,0.0,0.0,0.0,0.0,0.0,0.0,0.0,0.0,0.0,0.0,0.0,0.0,0.0,0.0,0.0,0.0,0.0,0.0
38140,Palmeiras,0,0.0,gol,0.0,0.0,0.0,2,0.0,0.0,0.0,0.0,0.0,0.0,0.0,0.0,1,0.0,0.0,0.0,0.0,1
68930,Fortaleza,-0.5,0.0,ata,0.0,1,0.0,0.0,0.0,20,8,8,23,0.0,1,0.0,0.0,3,3,0.0,4,0.0
38162,Cruzeiro,0.9,0.0,ata,3,10,0.0,0.0,0.0,45,14,15,38,1,5,0.0,0.0,14,54,0.0,5,0.0
68942,CSA,4.7,0.0,zag,0.0,9,0.0,0.0,0.0,29,2,3,7,0.0,0.0,1,0.0,1,47,0.0,28,10
74213,Bahia,0,0.0,mei,2,6,0.0,0.0,0.0,18,3,5,8,0.0,1,0.0,0.0,1,20,0.0,8,0.0
69010,CSA,0,0.0,gol,0.0,1,1,18,0.0,1,0.0,0.0,1,0.0,0.0,0.0,17,0.0,5,0.0,0.0,1
41327,Vasco,3.12,0.0,tec,0.0,0.0,0.0,0.0,0.0,0.0,0.0,0.0,0.0,0.0,0.0,0.0,0.0,0.0,0.0,0.0,0.0,0.0
37788,Fortaleza,0,0.0,gol,0.0,1,0.0,15,0.0,0.0,0.0,0.0,1,0.0,0.0,0.0,10,0.0,3,0.0,0.0,2
75295,Internacional,10.9,0.0,ata,1,2,1,0.0,0.0,33,18,27,39,1,8,0.0,0.0,10,34,1,9,0.0
68952,Santos,0,0.0,ata,3,9,1,0.0,0.0,39,19,24,72,2,7,0.0,0.0,7,41,0.0,29,0.0
37701,Grêmio,0,0.0,lat,1,1,0.0,0.0,0.0,7,0.0,2,14,0.0,0.0,0.0,0.0,1,40,0.0,13,5
37798,Internacional,0,0.0,ata,3,6,0.0,0.0,0.0,14,16,17,10,0.0,2,0.0,0.0,0.0,23,0.0,10,0.0
37694,Cruzeiro,8.9,0.0,mei,0.0,5,0.0,0.0,0.0,46,4,15,60,0.0,0.0,0.0,0.0,1,48,0.0,67,0.0
37688,Botafogo,1.6,0.0,mei,1,8,0.0,0.0,0.0,25,9,10,57,0.0,3,0.0,0.0,4,46,0.0,34,0.0
75372,Santos,0.2,0.0,ata,0.0,5,1,0.0,0.0,20,2,5,22,0.0,1,0.0,0.0,8,19,0.0,10,0.0
78435,Flamengo,7.8,0.0,ata,3,2,0.0,0.0,0.0,28,10,23,17,0.0,5,0.0,0.0,3,34,0.0,16,0.0
78077,Atlético-PR,0,0.0,lat,1,2,0.0,0.0,0.0,22,5,4,32,0.0,4,0.0,0.0,1,45,0.0,27,8
77809,Internacional,0,0.0,ata,0.0,1,0.0,0.0,0.0,11,3,8,2,0.0,4,0.0,0.0,0.0,19,0.0,11,0.0
80853,Grêmio,0.9,0.0,zag,0.0,4,0.0,0.0,0.0,14,1,5,13,0.0,3,0.0,0.0,0.0,33,0.0,41,6
78086,Flamengo,0,0.0,gol,0.0,1,1,7,0.0,0.0,0.0,0.0,1,0.0,0.0,0.0,5,0.0,0.0,0.0,0.0,1
78117,Chapecoense,2.3,0.0,ata,1,8,0.0,0.0,0.0,69,27,49,50,1,13,0.0,0.0,2,75,1,15,0.0
77570,Ceará,0,0.0,mei,0.0,1,0.0,0.0,0.0,8,0.0,0.0,3,0.0,0.0,0.0,0.0,0.0,9,0.0,10,0.0
78151,Chapecoense,0,0.0,gol,0.0,0.0,0.0,0.0,0.0,0.0,0.0,0.0,0.0,0.0,0.0,0.0,0.0,0.0,0.0,0.0,0.0,0.0
78445,Flamengo,7.2,0.0,lat,2,2,0.0,0.0,0.0,21,2,2,8,0.0,0.0,0.0,0.0,0.0,63,0.0,41,11
78415,Santos,0,0.0,ata,0.0,3,0.0,0.0,0.0,5,4,6,0.0,0.0,0.0,0.0,0.0,2,9,0.0,1,0.0
78248,Santos,0,0.0,zag,0.0,9,2,0.0,0.0,35,4,7,17,0.0,3,0.0,0.0,1,47,0.0,19,13
78475,Ceará,0,0.0,ata,0.0,0.0,0.0,0.0,0.0,0.0,0.0,0.0,0.0,0.0,0.0,0.0,0.0,0.0,0.0,0.0,0.0,0.0
78495,Goiás,0,0.0,gol,0.0,0.0,0.0,1,0.0,0.0,0.0,0.0,1,0.0,0.0,0.0,2,0.0,0.0,0.0,0.0,0.0
78548,Santos,-2.1,0.0,mei,1,3,0.0,0.0,0.0,22,9,11,30,1,1,0.0,0.0,0.0,46,0.0,15,0.0
78654,Ceará,2.9,0.0,zag,0.0,3,0.0,0.0,0.0,7,0.0,2,2,0.0,0.0,0.0,0.0,0.0,12,0.0,8,3
78478,Flamengo,2.9,0.0,mei,6,2,0.0,0.0,0.0,46,7,14,20,3,2,1,0.0,1,61,0.0,58,0.0
78605,Corinthians,-1.7,0.0,mei,0.0,3,0.0,0.0,0.0,23,1,2,8,0.0,0.0,0.0,0.0,0.0,24,0.0,32,0.0
78850,São Paulo,9.2,0.0,lat,1,7,0.0,0.0,0.0,46,10,25,37,2,5,0.0,0.0,1,67,1,57,13
78577,Ceará,0.7,0.0,mei,6,1,0.0,0.0,0.0,30,16,25,9,0.0,1,0.0,0.0,1,86,0.0,46,0.0
78512,Avaí,0,0.0,lat,0.0,0.0,0.0,0.0,0.0,7,0.0,2,11,0.0,0.0,0.0,0.0,0.0,10,0.0,6,0.0
78584,Bahia,-2.3,0.0,gol,0.0,0.0,0.0,59,1,0.0,0.0,0.0,9,0.0,0.0,0.0,37,0.0,9,0.0,1,14
78840,Avaí,0,0.0,mei,0.0,1,0.0,0.0,0.0,31,8,11,34,1,1,0.0,0.0,1,58,1,39,0.0
78715,Corinthians,0,0.0,mei,1,1,0.0,0.0,0.0,32,1,9,13,0.0,0.0,0.0,0.0,0.0,23,0.0,12,0.0
78851,Ceará,0,0.0,gol,0.0,0.0,0.0,1,0.0,0.0,0.0,0.0,1,0.0,0.0,0.0,1,0.0,1,0.0,0.0,0.0
86757,Grêmio,2,0.0,ata,5,3,0.0,0.0,0.0,16,18,29,28,2,11,0.0,0.0,2,50,0.0,34,0.0
101606,Fluminense,0,0.0,ata,0.0,0.0,0.0,0.0,0.0,1,1,0.0,1,0.0,0.0,0.0,0.0,0.0,0.0,0.0,1,0.0
78865,Internacional,0,0.0,mei,0.0,1,0.0,0.0,0.0,2,0.0,0.0,1,0.0,0.0,0.0,0.0,0.0,2,0.0,3,0.0
78991,Chapecoense,0,0.0,mei,0.0,0.0,0.0,0.0,0.0,0.0,0.0,0.0,0.0,0.0,0.0,0.0,0.0,0.0,0.0,0.0,0.0,0.0
78855,Palmeiras,-1.3,0.0,mei,0.0,5,0.0,0.0,0.0,40,1,2,15,0.0,1,0.0,0.0,1,15,0.0,31,0.0
80664,Corinthians,0,0.0,lat,0.0,1,1,0.0,0.0,15,0.0,0.0,10,0.0,1,0.0,0.0,0.0,13,0.0,9,3
101622,Fluminense,0,0.0,ata,0.0,0.0,0.0,0.0,0.0,0.0,0.0,0.0,0.0,0.0,0.0,0.0,0.0,0.0,0.0,0.0,0.0,0.0
78897,CSA,0,0.0,mei,3,5,0.0,0.0,0.0,40,5,7,15,0.0,0.0,0.0,0.0,2,30,0.0,37,0.0
79035,Santos,0.7,0.0,zag,0.0,1,0.0,0.0,0.0,3,0.0,0.0,5,0.0,0.0,0.0,0.0,0.0,3,0.0,4,4
79113,Internacional,11.7,0.0,zag,0.0,7,0.0,0.0,0.0,34,4,4,34,2,0.0,0.0,0.0,0.0,42,0.0,87,9
79578,Cruzeiro,1.5,0.0,ata,0.0,1,1,0.0,0.0,26,9,10,23,1,3,0.0,0.0,3,9,0.0,6,0.0
79336,Ceará,0,0.0,ata,0.0,0.0,0.0,0.0,0.0,1,0.0,1,4,0.0,0.0,0.0,0.0,0.0,1,0.0,0.0,0.0
79437,Bahia,2.95,0.0,tec,0.0,0.0,0.0,0.0,0.0,0.0,0.0,0.0,0.0,0.0,0.0,0.0,0.0,0.0,0.0,0.0,0.0,0.0
79109,Fortaleza,0,0.0,mei,0.0,0.0,0.0,0.0,0.0,0.0,0.0,0.0,0.0,0.0,0.0,0.0,0.0,0.0,0.0,0.0,0.0,0.0
80129,Cruzeiro,0,0.0,mei,0.0,2,0.0,0.0,0.0,12,1,4,18,0.0,0.0,0.0,0.0,0.0,12,0.0,14,0.0
80080,Avaí,0,0.0,ata,0.0,4,1,0.0,0.0,27,3,7,22,1,2,0.0,0.0,7,17,0.0,3,0.0
80189,Bahia,0,0.0,zag,1,2,0.0,0.0,0.0,8,2,5,11,0.0,0.0,0.0,0.0,0.0,58,0.0,16,14
79702,Palmeiras,0,0.0,zag,0.0,2,0.0,0.0,0.0,7,0.0,0.0,2,0.0,0.0,0.0,0.0,0.0,8,0.0,6,3
101626,Bahia,0,0.0,zag,0.0,0.0,0.0,0.0,0.0,0.0,0.0,0.0,0.0,0.0,0.0,0.0,0.0,0.0,0.0,0.0,0.0,0.0
80692,Palmeiras,-0.4,0.0,zag,0.0,1,0.0,0.0,0.0,16,3,3,11,0.0,0.0,0.0,0.0,0.0,18,0.0,20,3
79887,Palmeiras,0,0.0,lat,0.0,0.0,0.0,0.0,0.0,0.0,0.0,0.0,0.0,0.0,0.0,0.0,0.0,0.0,0.0,0.0,0.0,0.0
101647,Vasco,0,0.0,zag,0.0,0.0,0.0,0.0,0.0,0.0,0.0,0.0,0.0,0.0,0.0,0.0,0.0,0.0,0.0,0.0,0.0,0.0
80748,Atlético-MG,0.5,0.0,ata,0.0,2,0.0,0.0,0.0,25,7,8,13,0.0,3,0.0,0.0,10,15,1,7,0.0
101717,Vasco,8.4,0.0,ata,3,6,1,0.0,0.0,48,13,25,54,1,2,0.0,0.0,5,37,0.0,35,0.0
101708,Santos,0,0.0,lat,0.0,0.0,0.0,0.0,0.0,12,7,7,12,0.0,2,0.0,0.0,1,32,0.0,17,9
101716,Atlético-MG,0,0.0,mei,0.0,0.0,0.0,0.0,0.0,9,8,9,7,0.0,2,0.0,0.0,0.0,12,0.0,6,0.0
86759,Grêmio,0,0.0,ata,6,0.0,0.0,0.0,0.0,11,10,14,35,1,4,0.0,0.0,3,56,0.0,16,0.0
101679,Goiás,0,0.0,ata,0.0,0.0,0.0,0.0,0.0,0.0,0.0,0.0,0.0,0.0,0.0,0.0,0.0,0.0,0.0,0.0,0.0,0.0
86766,Atlético-PR,0,0.0,mei,0.0,2,0.0,0.0,0.0,11,0.0,0.0,3,0.0,0.0,0.0,0.0,0.0,15,0.0,9,0.0
101720,Vasco,0,0.0,zag,0.0,0.0,0.0,0.0,0.0,2,0.0,0.0,1,0.0,0.0,0.0,0.0,0.0,1,0.0,1,0.0
101715,Atlético-MG,0,0.0,ata,1,0.0,0.0,0.0,0.0,5,6,9,9,2,2,0.0,0.0,3,8,0.0,8,0.0
101719,Vasco,0,0.0,lat,0.0,0.0,0.0,0.0,0.0,0.0,0.0,0.0,0.0,0.0,0.0,0.0,0.0,0.0,0.0,0.0,0.0,0.0
86770,Avaí,0.6,0.0,mei,0.0,5,1,0.0,0.0,42,8,12,39,0.0,4,0.0,0.0,0.0,65,0.0,39,0.0
101721,Vasco,0,0.0,gol,0.0,0.0,0.0,0.0,0.0,0.0,0.0,0.0,0.0,0.0,0.0,0.0,0.0,0.0,0.0,0.0,0.0,0.0
86776,CSA,18.5,0.0,gol,0.0,5,0.0,64,2,3,0.0,0.0,4,0.0,0.0,0.0,34,0.0,16,0.0,0.0,9
86797,São Paulo,0,0.0,ata,1,2,1,0.0,0.0,18,7,8,18,2,1,1,0.0,5,14,0.0,5,0.0
101728,São Paulo,0,0.0,zag,0.0,0.0,0.0,0.0,0.0,0.0,0.0,0.0,0.0,0.0,0.0,0.0,0.0,0.0,0.0,0.0,0.0,0.0
86842,Fluminense,0,0.0,ata,0.0,1,0.0,0.0,0.0,1,0.0,0.0,0.0,0.0,0.0,0.0,0.0,0.0,0.0,0.0,0.0,0.0
87437,Chapecoense,0,0.0,lat,0.0,1,0.0,0.0,0.0,4,0.0,0.0,1,0.0,0.0,0.0,0.0,0.0,5,0.0,3,0.0
86859,Atlético-MG,0,0.0,mei,0.0,3,0.0,0.0,0.0,19,2,5,11,0.0,0.0,0.0,0.0,0.0,24,0.0,23,0.0
86890,Ceará,0,0.0,ata,0.0,0.0,0.0,0.0,0.0,2,0.0,0.0,0.0,0.0,0.0,0.0,0.0,1,1,0.0,0.0,0.0
101911,Chapecoense,0,0.0,mei,0.0,0.0,0.0,0.0,0.0,0.0,0.0,0.0,0.0,0.0,0.0,0.0,0.0,0.0,0.0,0.0,0.0,0.0
101729,São Paulo,0,0.0,ata,0.0,0.0,0.0,0.0,0.0,1,0.0,0.0,0.0,0.0,0.0,0.0,0.0,0.0,0.0,0.0,0.0,0.0
101796,São Paulo,0,0.0,ata,0.0,0.0,0.0,0.0,0.0,0.0,0.0,0.0,0.0,0.0,0.0,0.0,0.0,0.0,0.0,0.0,0.0,0.0
87552,São Paulo,3.7,0.0,mei,1,1,0.0,0.0,0.0,16,5,15,27,2,4,0.0,0.0,0.0,43,0.0,23,0.0
101960,Atlético-PR,0,0.0,ata,3,0.0,0.0,0.0,0.0,15,7,8,8,0.0,2,0.0,0.0,0.0,9,0.0,7,0.0
87470,Grêmio,0,0.0,mei,1,4,0.0,0.0,0.0,21,9,7,15,0.0,2,0.0,0.0,3,18,0.0,27,0.0
101997,Atlético-PR,0,0.0,ata,1,2,0.0,0.0,0.0,20,3,6,15,1,2,0.0,0.0,3,15,0.0,12,0.0
80193,Fortaleza,8.5,0.0,mei,0.0,1,0.0,0.0,0.0,13,7,16,43,0.0,3,0.0,0.0,2,29,0.0,8,0.0
87679,Internacional,0,0.0,ata,0.0,0.0,0.0,0.0,0.0,5,3,6,4,0.0,0.0,0.0,0.0,5,2,0.0,1,0.0
102253,Atlético-PR,0,0.0,zag,0.0,1,0.0,0.0,0.0,5,2,3,2,0.0,0.0,0.0,0.0,0.0,8,0.0,7,1
102290,Atlético-PR,0,0.0,gol,0.0,0.0,0.0,0.0,0.0,0.0,0.0,0.0,0.0,0.0,0.0,0.0,0.0,0.0,0.0,0.0,0.0,0.0
87863,Flamengo,9.5,0.0,mei,10,1,0.0,0.0,0.0,21,6,17,37,1,11,0.0,0.0,0.0,75,0.0,30,0.0
87747,Goiás,1.4,0.0,mei,2,5,0.0,0.0,0.0,32,4,5,47,2,1,0.0,0.0,2,38,0.0,45,0.0
102137,Cruzeiro,0,0.0,gol,0.0,0.0,0.0,0.0,0.0,0.0,0.0,0.0,0.0,0.0,0.0,0.0,0.0,0.0,0.0,0.0,0.0,0.0
80196,Vasco,-0.6,0.0,mei,2,5,0.0,0.0,0.0,19,5,21,53,1,3,0.0,0.0,2,68,2,27,0.0
80287,Grêmio,1.7,0.0,ata,4,6,0.0,0.0,0.0,26,15,15,31,1,5,0.0,0.0,5,49,1,23,0.0
80313,Fluminense,7.1,0.0,lat,2,2,0.0,0.0,0.0,33,10,12,19,0.0,0.0,0.0,0.0,1,81,0.0,28,9
87877,Corinthians,0,0.0,mei,1,4,0.0,0.0,0.0,21,9,13,18,1,0.0,0.0,0.0,1,23,0.0,14,0.0
80276,CSA,0,0.0,gol,0.0,0.0,0.0,0.0,0.0,0.0,0.0,0.0,0.0,0.0,0.0,0.0,0.0,0.0,0.0,0.0,0.0,0.0
102301,Atlético-PR,0,0.0,mei,0.0,0.0,0.0,0.0,0.0,0.0,0.0,0.0,0.0,0.0,0.0,0.0,0.0,0.0,0.0,0.0,0.0,0.0
87929,Fortaleza,0,0.0,mei,0.0,0.0,0.0,0.0,0.0,3,0.0,0.0,4,0.0,0.0,0.0,0.0,0.0,1,0.0,2,0.0
102302,Goiás,0,0.0,ata,0.0,1,0.0,0.0,0.0,7,1,3,6,0.0,0.0,0.0,0.0,1,4,0.0,3,0.0
80318,Bahia,0,0.0,lat,0.0,3,0.0,0.0,0.0,13,0.0,0.0,2,0.0,0.0,0.0,0.0,1,8,0.0,3,3
80337,Bahia,2,0.0,ata,1,1,1,0.0,0.0,22,10,19,18,1,5,0.0,0.0,4,30,0.0,7,0.0
80393,Ceará,-0.3,0.0,mei,0.0,8,0.0,0.0,0.0,51,5,5,37,1,1,0.0,0.0,3,39,0.0,60,0.0
87999,Palmeiras,0,0.0,mei,3,1,0.0,0.0,0.0,15,17,20,18,0.0,4,0.0,0.0,2,52,1,16,0.0
102318,Avaí,7.2,0.0,ata,0.0,1,0.0,0.0,0.0,28,9,25,33,0.0,0.0,0.0,0.0,2,44,0.0,34,0.0
102340,Cruzeiro,2.3,0.0,zag,0.0,4,0.0,0.0,0.0,14,1,2,11,0.0,1,0.0,0.0,0.0,7,0.0,14,6
88065,Santos,0,0.0,lat,4,4,0.0,0.0,0.0,30,13,14,46,0.0,1,0.0,0.0,2,60,0.0,54,14
80394,Fortaleza,0,0.0,gol,0.0,0.0,0.0,0.0,0.0,0.0,0.0,0.0,0.0,0.0,0.0,0.0,0.0,0.0,0.0,0.0,0.0,0.0
80363,Cruzeiro,0,0.0,mei,1,2,0.0,0.0,0.0,12,1,4,8,0.0,0.0,0.0,0.0,0.0,20,0.0,15,0.0
101601,Fluminense,0,0.0,mei,0.0,1,0.0,0.0,0.0,2,0.0,1,0.0,0.0,0.0,0.0,0.0,0.0,1,0.0,0.0,0.0
80395,Goiás,0,0.0,mei,0.0,1,0.0,0.0,0.0,4,4,4,7,0.0,0.0,0.0,0.0,1,9,0.0,2,0.0
80583,Palmeiras,0.2,0.0,mei,3,3,1,0.0,0.0,20,5,3,16,0.0,1,0.0,0.0,0.0,26,0.0,11,0.0
102380,Avaí,0,0.0,mei,0.0,0.0,0.0,0.0,0.0,0.0,0.0,0.0,0.0,0.0,0.0,0.0,0.0,0.0,0.0,0.0,0.0,0.0
88224,Goiás,0,0.0,zag,0.0,0.0,0.0,0.0,0.0,0.0,0.0,0.0,0.0,0.0,0.0,0.0,0.0,0.0,1,0.0,0.0,0.0
88225,Goiás,0,0.0,lat,0.0,2,0.0,0.0,0.0,23,1,2,7,0.0,0.0,0.0,0.0,2,35,0.0,22,4
102452,CSA,0,0.0,zag,0.0,0.0,0.0,0.0,0.0,0.0,0.0,0.0,0.0,0.0,0.0,0.0,0.0,0.0,0.0,0.0,0.0,0.0
88125,Botafogo,1.2,0.0,mei,0.0,3,0.0,0.0,0.0,25,2,3,16,0.0,0.0,0.0,0.0,0.0,8,0.0,19,0.0
102563,Goiás,1,0.0,mei,1,0.0,0.0,0.0,0.0,10,2,4,4,0.0,0.0,0.0,0.0,0.0,8,0.0,2,0.0
91191,Atlético-MG,0,0.0,mei,0.0,0.0,0.0,0.0,0.0,0.0,0.0,0.0,0.0,0.0,0.0,0.0,0.0,0.0,0.0,0.0,0.0,0.0
102565,Goiás,0,0.0,mei,0.0,0.0,0.0,0.0,0.0,0.0,0.0,0.0,1,0.0,0.0,0.0,0.0,0.0,0.0,0.0,0.0,0.0
88427,Fortaleza,0,0.0,mei,0.0,3,0.0,0.0,0.0,15,1,1,12,0.0,0.0,0.0,0.0,1,9,0.0,14,0.0
88368,Fortaleza,3,0.0,mei,0.0,7,1,0.0,0.0,32,4,4,34,0.0,2,0.0,0.0,1,22,0.0,35,0.0
88651,Botafogo,0,0.0,ata,0.0,0.0,0.0,0.0,0.0,9,0.0,1,6,0.0,0.0,0.0,0.0,1,3,0.0,0.0,0.0
90572,Goiás,8.8,0.0,mei,2,7,1,0.0,0.0,36,1,7,128,0.0,0.0,0.0,0.0,0.0,77,0.0,80,0.0
102958,Botafogo,12.4,0.0,ata,0.0,1,0.0,0.0,0.0,5,2,4,16,0.0,1,0.0,0.0,1,11,0.0,4,0.0
102997,Chapecoense,0,0.0,mei,0.0,0.0,0.0,0.0,0.0,2,0.0,0.0,1,0.0,0.0,0.0,0.0,0.0,2,0.0,3,0.0
90846,Internacional,0,0.0,zag,0.0,1,0.0,0.0,0.0,9,1,0.0,3,0.0,0.0,0.0,0.0,0.0,21,0.0,5,3
90715,Botafogo,-1.8,0.0,mei,0.0,5,1,0.0,0.0,33,5,15,38,1,1,0.0,0.0,4,42,0.0,20,0.0
90917,Palmeiras,0,0.0,ata,0.0,2,0.0,0.0,0.0,5,1,1,8,0.0,0.0,0.0,0.0,2,3,0.0,1,0.0
90843,Chapecoense,0,0.0,gol,0.0,0.0,0.0,0.0,0.0,0.0,0.0,0.0,0.0,0.0,0.0,0.0,0.0,0.0,0.0,0.0,0.0,0.0
102998,Chapecoense,0,0.0,mei,1,0.0,0.0,0.0,0.0,6,4,3,8,0.0,0.0,0.0,0.0,0.0,7,0.0,5,0.0
103645,Fluminense,14.5,0.0,ata,3,0.0,0.0,0.0,0.0,11,6,14,18,1,3,0.0,0.0,1,32,0.0,23,0.0
102999,Chapecoense,0,0.0,mei,0.0,1,0.0,0.0,0.0,12,4,11,5,0.0,0.0,0.0,0.0,3,15,0.0,12,0.0
91102,Bahia,-3.6,0.0,mei,0.0,4,0.0,0.0,0.0,51,2,8,22,0.0,0.0,0.0,0.0,1,36,0.0,47,0.0
90933,São Paulo,0,0.0,gol,0.0,1,0.0,0.0,0.0,0.0,0.0,0.0,0.0,0.0,0.0,0.0,0.0,0.0,0.0,0.0,0.0,0.0
90768,Cruzeiro,0,0.0,zag,0.0,3,0.0,0.0,0.0,4,1,3,12,0.0,0.0,0.0,0.0,0.0,23,0.0,15,10
103069,Grêmio,0,0.0,zag,0.0,0.0,0.0,0.0,0.0,0.0,0.0,0.0,0.0,0.0,0.0,0.0,0.0,0.0,0.0,0.0,0.0,0.0
91201,Grêmio,2,0.0,ata,2,2,0.0,0.0,0.0,17,8,17,26,0.0,7,0.0,0.0,7,37,0.0,17,0.0
88669,Ceará,0.8,0.0,ata,2,5,0.0,0.0,0.0,14,12,15,30,0.0,3,0.0,0.0,2,43,0.0,18,0.0
91130,Bahia,0,0.0,ata,0.0,0.0,0.0,0.0,0.0,0.0,0.0,0.0,0.0,0.0,0.0,0.0,0.0,0.0,0.0,0.0,0.0,0.0
90943,Avaí,0,0.0,zag,0.0,0.0,0.0,0.0,0.0,3,0.0,0.0,0.0,0.0,0.0,0.0,0.0,0.0,2,0.0,1,0.0
89101,Avaí,0,0.0,ata,0.0,1,0.0,0.0,0.0,3,1,2,1,0.0,0.0,0.0,0.0,0.0,8,0.0,4,0.0
103076,Ceará,-0.3,0.0,ata,1,1,0.0,0.0,0.0,12,2,7,9,0.0,3,0.0,0.0,1,23,0.0,9,0.0
103446,Flamengo,0,0.0,mei,0.0,0.0,0.0,0.0,0.0,0.0,0.0,0.0,0.0,0.0,0.0,0.0,0.0,0.0,0.0,0.0,0.0,0.0
103099,Cruzeiro,0.2,0.0,mei,0.0,3,0.0,0.0,0.0,30,5,10,27,1,2,0.0,0.0,1,34,0.0,24,0.0
103523,Bahia,0,0.0,zag,0.0,0.0,0.0,0.0,0.0,0.0,0.0,0.0,0.0,0.0,0.0,0.0,0.0,0.0,0.0,0.0,0.0,0.0
103183,Botafogo,0,0.0,gol,0.0,0.0,0.0,0.0,0.0,0.0,0.0,0.0,0.0,0.0,0.0,0.0,0.0,0.0,0.0,0.0,0.0,0.0
91242,Goiás,-2.4,0.0,ata,4,8,0.0,0.0,0.0,52,12,19,36,1,5,0.0,0.0,7,42,0.0,24,0.0
91251,Grêmio,0,0.0,zag,1,0.0,0.0,0.0,0.0,2,0.0,1,1,0.0,0.0,0.0,0.0,2,11,0.0,15,3
91151,Corinthians,0,0.0,ata,1,2,0.0,0.0,0.0,15,2,8,15,0.0,1,0.0,0.0,3,7,0.0,8,0.0
103445,Santos,0,0.0,ata,0.0,0.0,0.0,0.0,0.0,0.0,0.0,0.0,1,0.0,0.0,0.0,0.0,0.0,0.0,0.0,0.0,0.0
103524,Grêmio,0,0.0,gol,0.0,0.0,0.0,2,0.0,0.0,0.0,0.0,0.0,0.0,0.0,0.0,2,0.0,0.0,0.0,0.0,0.0
103455,São Paulo,12.1,0.0,ata,5,3,1,0.0,0.0,25,22,17,69,2,3,0.0,0.0,1,88,0.0,29,0.0
103579,Cruzeiro,0,0.0,mei,0.0,0.0,0.0,0.0,0.0,0.0,0.0,0.0,0.0,0.0,0.0,0.0,0.0,0.0,0.0,0.0,0.0,0.0
103662,São Paulo,0,0.0,gol,0.0,0.0,0.0,0.0,0.0,0.0,0.0,0.0,0.0,0.0,0.0,0.0,0.0,0.0,0.0,0.0,0.0,0.0
103684,Santos,0,0.0,zag,0.0,0.0,0.0,0.0,0.0,0.0,0.0,0.0,0.0,0.0,0.0,0.0,0.0,0.0,0.0,0.0,0.0,0.0
103695,Cruzeiro,0,0.0,mei,0.0,0.0,0.0,0.0,0.0,1,0.0,1,0.0,0.0,0.0,0.0,0.0,0.0,1,0.0,0.0,0.0
103700,Corinthians,0,0.0,zag,0.0,3,0.0,0.0,0.0,5,0.0,0.0,2,0.0,0.0,0.0,0.0,0.0,14,0.0,8,1
103706,Atlético-MG,0,0.0,mei,0.0,0.0,0.0,0.0,0.0,0.0,0.0,0.0,0.0,0.0,0.0,0.0,0.0,0.0,0.0,0.0,0.0,0.0
91508,Botafogo,0,0.0,mei,1,2,0.0,0.0,0.0,8,4,12,10,0.0,1,0.0,0.0,1,37,0.0,10,0.0
104026,Fluminense,0,0.0,ata,1,1,0.0,0.0,0.0,25,18,22,29,1,4,0.0,0.0,9,30,0.0,16,0.0
104074,São Paulo,0,0.0,zag,0.0,0.0,0.0,0.0,0.0,1,0.0,0.0,0.0,0.0,0.0,0.0,0.0,0.0,6,0.0,2,2
91573,São Paulo,5,0.0,zag,1,5,0.0,0.0,0.0,32,5,7,21,0.0,1,0.0,0.0,1,44,0.0,26,9
103724,Santos,0,0.0,mei,0.0,0.0,0.0,0.0,0.0,0.0,0.0,0.0,0.0,0.0,0.0,0.0,0.0,0.0,0.0,0.0,0.0,0.0
89150,Botafogo,1,0.0,mei,0.0,1,0.0,0.0,0.0,2,0.0,2,1,0.0,0.0,0.0,0.0,0.0,1,0.0,2,0.0
91260,São Paulo,0,0.0,gol,0.0,0.0,0.0,0.0,0.0,0.0,0.0,0.0,0.0,0.0,0.0,0.0,0.0,0.0,0.0,0.0,0.0,0.0
103764,Palmeiras,2.3,0.0,ata,0.0,0.0,0.0,0.0,0.0,0.0,0.0,1,0.0,0.0,0.0,0.0,0.0,0.0,0.0,0.0,1,0.0
91607,Atlético-PR,8.6,0.0,ata,7,5,0.0,0.0,0.0,56,24,37,56,1,6,0.0,0.0,13,53,0.0,24,0.0
104081,Botafogo,0,0.0,mei,0.0,0.0,0.0,0.0,0.0,0.0,0.0,0.0,0.0,0.0,0.0,0.0,0.0,0.0,0.0,0.0,0.0,0.0
91772,Goiás,0,0.0,zag,0.0,0.0,0.0,0.0,0.0,2,0.0,3,3,0.0,0.0,0.0,0.0,0.0,10,0.0,7,2
91708,Fluminense,4.5,0.0,zag,1,8,0.0,0.0,0.0,26,2,8,21,0.0,1,0.0,0.0,0.0,30,0.0,45,9
91712,Goiás,0,0.0,gol,0.0,0.0,0.0,0.0,0.0,0.0,0.0,0.0,0.0,0.0,0.0,0.0,0.0,0.0,0.0,0.0,0.0,0.0
91733,Fortaleza,-4,0.0,mei,1,12,0.0,0.0,0.0,55,5,5,31,0.0,0.0,0.0,0.0,0.0,80,0.0,74,0.0
104415,Atlético-MG,0,0.0,lat,0.0,0.0,0.0,0.0,0.0,0.0,0.0,0.0,0.0,0.0,0.0,0.0,0.0,0.0,0.0,0.0,0.0,0.0
104080,Botafogo,0,0.0,gol,0.0,0.0,0.0,0.0,0.0,0.0,0.0,0.0,0.0,0.0,0.0,0.0,0.0,0.0,0.0,0.0,0.0,0.0
92085,Goiás,0,0.0,ata,0.0,0.0,0.0,0.0,0.0,2,0.0,0.0,0.0,0.0,0.0,0.0,0.0,0.0,2,0.0,0.0,0.0
91808,Corinthians,0,0.0,gol,0.0,0.0,0.0,0.0,0.0,0.0,0.0,0.0,0.0,0.0,0.0,0.0,0.0,0.0,0.0,0.0,0.0,0.0
92155,Atlético-MG,2,0.0,mei,0.0,1,0.0,0.0,0.0,5,0.0,1,5,0.0,0.0,0.0,0.0,1,7,0.0,13,0.0
91888,Goiás,0,0.0,lat,0.0,2,0.0,0.0,0.0,1,0.0,1,2,0.0,0.0,0.0,0.0,0.0,13,0.0,5,1
92146,Fortaleza,0,0.0,ata,0.0,4,0.0,0.0,0.0,16,8,6,51,3,2,0.0,0.0,4,27,0.0,6,0.0
89226,Atlético-MG,0,0.0,zag,0.0,2,0.0,0.0,0.0,5,0.0,2,4,1,1,0.0,0.0,0.0,9,0.0,6,0.0
89256,Flamengo,-0.5,0.0,mei,2,2,0.0,0.0,0.0,49,6,9,66,2,2,0.0,0.0,0.0,44,0.0,31,0.0
92182,Bahia,3,0.0,zag,0.0,1,0.0,0.0,0.0,21,4,6,16,0.0,1,0.0,0.0,1,42,0.0,21,10
89273,Bahia,0,0.0,lat,0.0,3,0.0,0.0,0.0,17,2,4,11,0.0,1,0.0,0.0,0.0,10,0.0,10,2
101803,Corinthians,5,0.0,lat,0.0,1,0.0,0.0,0.0,8,0.0,2,7,0.0,1,0.0,0.0,0.0,15,0.0,8,3
101798,Atlético-MG,0,0.0,mei,0.0,0.0,0.0,0.0,0.0,0.0,0.0,0.0,0.0,0.0,0.0,0.0,0.0,0.0,0.0,0.0,0.0,0.0
102581,Goiás,0,0.0,ata,0.0,0.0,0.0,0.0,0.0,1,0.0,0.0,0.0,0.0,0.0,0.0,0.0,0.0,0.0,0.0,0.0,0.0
86972,Internacional,0,0.0,zag,0.0,3,0.0,0.0,0.0,13,2,0.0,3,0.0,1,0.0,0.0,1,22,0.0,13,4
102598,São Paulo,0,0.0,ata,0.0,1,0.0,0.0,0.0,6,1,1,6,0.0,0.0,0.0,0.0,1,8,0.0,1,0.0
93377,Santos,0,0.0,mei,0.0,2,0.0,0.0,0.0,3,0.0,0.0,4,0.0,0.0,0.0,0.0,0.0,1,0.0,4,0.0
86932,Corinthians,15.2,0.0,ata,2,1,0.0,0.0,0.0,28,8,15,18,0.0,3,0.0,0.0,7,7,0.0,6,0.0
101837,São Paulo,0,0.0,gol,0.0,0.0,0.0,0.0,0.0,0.0,0.0,0.0,0.0,0.0,0.0,0.0,0.0,0.0,0.0,0.0,0.0,0.0
87009,Atlético-MG,0,0.0,mei,0.0,2,0.0,0.0,0.0,24,5,6,8,1,4,0.0,0.0,0.0,24,0.0,20,0.0
87192,Internacional,0,0.0,lat,0.0,4,0.0,0.0,0.0,13,1,3,6,0.0,0.0,0.0,0.0,0.0,40,0.0,39,7
89342,Santos,0,0.0,lat,0.0,0.0,0.0,0.0,0.0,0.0,0.0,0.0,0.0,0.0,0.0,0.0,0.0,0.0,0.0,0.0,0.0,0.0
102599,Corinthians,0,0.0,mei,0.0,0.0,0.0,0.0,0.0,0.0,0.0,0.0,0.0,0.0,0.0,0.0,0.0,0.0,0.0,0.0,0.0,0.0
86973,Grêmio,0,0.0,lat,0.0,2,0.0,0.0,0.0,9,4,3,1,0.0,0.0,0.0,0.0,0.0,18,0.0,7,4
87225,Atlético-PR,0,0.0,zag,0.0,0.0,0.0,0.0,0.0,2,2,3,13,0.0,0.0,0.0,0.0,0.0,18,0.0,15,7
89492,Botafogo,0,0.0,gol,0.0,0.0,0.0,0.0,0.0,0.0,0.0,0.0,0.0,0.0,0.0,0.0,0.0,0.0,0.0,0.0,0.0,0.0
101885,São Paulo,0,0.0,ata,1,1,1,0.0,0.0,19,3,10,20,0.0,2,0.0,0.0,3,28,0.0,11,0.0
87258,Santos,-3.8,0.0,mei,3,10,1,0.0,0.0,24,18,24,44,3,9,0.0,0.0,17,65,0.0,19,0.0
101861,Atlético-MG,0,0.0,ata,0.0,0.0,0.0,0.0,0.0,0.0,0.0,0.0,0.0,0.0,0.0,0.0,0.0,0.0,0.0,0.0,0.0,0.0
101846,Avaí,0,0.0,lat,1,1,0.0,0.0,0.0,14,0.0,3,10,0.0,0.0,0.0,0.0,0.0,30,0.0,10,4
101889,Avaí,0,0.0,mei,0.0,0.0,0.0,0.0,0.0,3,1,2,4,0.0,0.0,0.0,0.0,1,3,0.0,5,0.0
89815,Avaí,0,0.0,mei,0.0,2,1,0.0,0.0,9,4,11,13,0.0,0.0,0.0,0.0,1,21,0.0,5,0.0
89493,Atlético-MG,0.9,0.0,zag,0.0,3,1,0.0,0.0,32,2,7,20,0.0,0.0,0.0,0.0,1,31,0.0,34,6
87342,Grêmio,3.9,0.0,zag,0.0,8,0.0,0.0,0.0,29,0.0,2,16,0.0,1,0.0,0.0,0.0,23,0.0,38,6
92496,Vasco,0.4,0.0,mei,2,7,0.0,0.0,0.0,47,8,11,60,0.0,1,0.0,0.0,0.0,48,0.0,61,0.0
89883,Fluminense,7,0.0,mei,0.0,1,0.0,0.0,0.0,1,0.0,0.0,4,0.0,0.0,0.0,0.0,0.0,1,0.0,7,0.0
87393,Botafogo,4.1,0.0,zag,1,6,0.0,0.0,0.0,22,3,7,27,0.0,1,0.0,0.0,1,55,0.0,40,10
104084,Internacional,0,0.0,gol,0.0,0.0,0.0,0.0,0.0,0.0,0.0,0.0,0.0,0.0,0.0,0.0,0.0,0.0,0.0,0.0,0.0,0.0
92981,Bahia,0,0.0,mei,1,4,0.0,0.0,0.0,22,0.0,3,12,0.0,0.0,0.0,0.0,1,26,0.0,36,0.0
92696,Chapecoense,0,0.0,ata,1,0.0,0.0,0.0,0.0,11,1,2,8,0.0,1,0.0,0.0,2,6,0.0,4,0.0
92708,Palmeiras,0,0.0,ata,2,3,0.0,0.0,0.0,23,12,21,52,0.0,3,0.0,0.0,21,31,0.0,10,0.0
90061,Chapecoense,-0.2,0.0,lat,5,5,1,0.0,0.0,48,2,5,70,0.0,0.0,0.0,0.0,0.0,76,0.0,61,7
104085,Internacional,0,0.0,zag,0.0,3,0.0,0.0,0.0,6,1,2,8,0.0,0.0,0.0,0.0,0.0,27,0.0,11,3
93108,Corinthians,0,0.0,mei,2,1,0.0,0.0,0.0,12,10,18,54,0.0,2,0.0,0.0,1,25,0.0,21,0.0
92841,Bahia,0,0.0,mei,0.0,0.0,0.0,0.0,0.0,0.0,0.0,0.0,0.0,0.0,0.0,0.0,0.0,0.0,0.0,0.0,0.0,0.0
90118,Goiás,2.7,0.0,lat,0.0,1,1,0.0,0.0,17,1,3,19,0.0,0.0,0.0,0.0,1,28,0.0,14,5
93151,Chapecoense,0,0.0,ata,0.0,0.0,0.0,0.0,0.0,0.0,0.0,0.0,0.0,0.0,0.0,0.0,0.0,0.0,0.0,0.0,0.0,0.0
104086,Internacional,0,0.0,zag,0.0,2,0.0,0.0,0.0,6,1,0.0,5,0.0,0.0,0.0,0.0,0.0,11,0.0,4,2
104087,Internacional,-0.5,0.0,ata,0.0,0.0,0.0,0.0,0.0,4,0.0,0.0,0.0,0.0,0.0,0.0,0.0,0.0,1,0.0,0.0,0.0
93368,Santos,0.6,0.0,zag,1,8,2,0.0,0.0,59,4,12,21,2,1,1,0.0,1,70,0.0,59,12
102609,Bahia,0,0.0,gol,0.0,0.0,0.0,0.0,0.0,0.0,0.0,0.0,0.0,0.0,0.0,0.0,0.0,0.0,0.0,0.0,0.0,0.0
90285,Flamengo,27.5,0.0,ata,4,8,0.0,0.0,0.0,53,25,35,69,3,19,0.0,0.0,9,52,1,25,0.0
104088,Atlético-MG,0,0.0,zag,0.0,0.0,0.0,0.0,0.0,0.0,0.0,0.0,0.0,0.0,0.0,0.0,0.0,0.0,0.0,0.0,0.0,0.0
102719,Vasco,0,0.0,ata,0.0,0.0,0.0,0.0,0.0,0.0,0.0,0.0,0.0,0.0,0.0,0.0,0.0,0.0,0.0,0.0,0.0,0.0
93414,Botafogo,0,0.0,zag,0.0,9,0.0,0.0,0.0,22,1,4,17,1,0.0,0.0,0.0,1,48,0.0,16,6
93659,Atlético-MG,0,0.0,gol,0.0,0.0,0.0,0.0,0.0,0.0,0.0,0.0,0.0,0.0,0.0,0.0,0.0,0.0,0.0,0.0,0.0,0.0
104128,Bahia,0,0.0,zag,0.0,0.0,0.0,0.0,0.0,0.0,0.0,0.0,0.0,0.0,0.0,0.0,0.0,0.0,0.0,0.0,0.0,0.0
104250,Corinthians,0,0.0,zag,0.0,0.0,0.0,0.0,0.0,0.0,0.0,0.0,0.0,0.0,0.0,0.0,0.0,0.0,0.0,0.0,0.0,0.0
102700,Atlético-MG,0,0.0,lat,0.0,0.0,0.0,0.0,0.0,1,0.0,0.0,0.0,0.0,0.0,0.0,0.0,0.0,5,0.0,3,0.0
104104,Avaí,0,0.0,mei,0.0,0.0,0.0,0.0,0.0,0.0,0.0,0.0,0.0,0.0,0.0,0.0,0.0,0.0,0.0,0.0,0.0,0.0
102852,Vasco,0,0.0,mei,0.0,0.0,0.0,0.0,0.0,0.0,0.0,0.0,0.0,0.0,0.0,0.0,0.0,0.0,0.0,0.0,0.0,0.0
93782,CSA,0,0.0,ata,1,1,0.0,0.0,0.0,9,0.0,0.0,7,0.0,0.0,0.0,0.0,1,4,0.0,1,0.0
104257,Flamengo,0,0.0,lat,0.0,1,0.0,0.0,0.0,4,0.0,0.0,3,0.0,0.0,0.0,0.0,0.0,4,0.0,3,4
102686,Flamengo,0,0.0,gol,0.0,0.0,0.0,0.0,0.0,0.0,0.0,0.0,0.0,0.0,0.0,0.0,0.0,0.0,0.0,0.0,0.0,0.0
102771,Vasco,0,0.0,mei,0.0,0.0,0.0,0.0,0.0,0.0,0.0,0.0,0.0,0.0,0.0,0.0,0.0,0.0,0.0,0.0,0.0,0.0
104276,Fluminense,0,0.0,lat,0.0,0.0,0.0,0.0,0.0,0.0,0.0,0.0,0.0,0.0,0.0,0.0,0.0,0.0,0.0,0.0,0.0,0.0
102878,Atlético-MG,0,0.0,mei,0.0,0.0,0.0,0.0,0.0,2,1,2,0.0,0.0,0.0,0.0,0.0,1,2,0.0,0.0,0.0
104625,Cruzeiro,0,0.0,lat,0.0,0.0,0.0,0.0,0.0,1,0.0,1,3,0.0,0.0,0.0,0.0,0.0,11,0.0,3,2
102892,Chapecoense,0,0.0,mei,0.0,0.0,0.0,0.0,0.0,0.0,0.0,0.0,0.0,0.0,0.0,0.0,0.0,0.0,0.0,0.0,0.0,0.0
102891,Fortaleza,0,0.0,ata,0.0,0.0,0.0,0.0,0.0,0.0,0.0,0.0,0.0,0.0,0.0,0.0,0.0,0.0,0.0,0.0,0.0,0.0
102907,Palmeiras,0,0.0,gol,0.0,0.0,0.0,0.0,0.0,0.0,0.0,0.0,0.0,0.0,0.0,0.0,0.0,0.0,0.0,0.0,0.0,0.0
93787,Vasco,0,0.0,mei,0.0,1,0.0,0.0,0.0,13,3,5,9,1,1,0.0,0.0,0.0,21,0.0,20,0.0
102906,Atlético-PR,0,0.0,gol,0.0,0.0,0.0,0.0,0.0,0.0,0.0,0.0,0.0,0.0,0.0,0.0,0.0,0.0,0.0,0.0,0.0,0.0
93791,Fluminense,-2.8,0.0,mei,3,3,0.0,0.0,0.0,20,9,8,35,0.0,1,0.0,0.0,1,76,0.0,21,0.0
94542,CSA,0,0.0,ata,0.0,1,0.0,0.0,0.0,3,0.0,0.0,4,0.0,0.0,0.0,0.0,0.0,0.0,0.0,0.0,0.0
93795,Ceará,0,0.0,gol,0.0,0.0,0.0,0.0,0.0,0.0,0.0,0.0,0.0,0.0,0.0,0.0,0.0,0.0,0.0,0.0,0.0,0.0
93785,Santos,0,0.0,lat,0.0,0.0,0.0,0.0,0.0,0.0,0.0,0.0,0.0,0.0,0.0,0.0,0.0,0.0,0.0,0.0,0.0,0.0
102909,São Paulo,-2,0.0,mei,0.0,4,0.0,0.0,0.0,29,2,3,7,0.0,0.0,0.0,0.0,0.0,27,0.0,27,0.0
102911,Fluminense,0,0.0,mei,0.0,0.0,0.0,0.0,0.0,0.0,0.0,0.0,0.0,0.0,0.0,0.0,0.0,0.0,0.0,0.0,0.0,0.0
102912,Fluminense,0,0.0,lat,0.0,0.0,0.0,0.0,0.0,0.0,0.0,0.0,0.0,0.0,0.0,0.0,0.0,0.0,0.0,0.0,0.0,0.0
104325,Chapecoense,0,0.0,gol,0.0,0.0,0.0,0.0,0.0,0.0,0.0,0.0,0.0,0.0,0.0,0.0,0.0,0.0,0.0,0.0,0.0,0.0
93834,Internacional,0,0.0,gol,0.0,0.0,0.0,0.0,0.0,0.0,0.0,0.0,0.0,0.0,0.0,0.0,0.0,0.0,0.0,0.0,0.0,0.0
90444,Bahia,3.9,0.0,lat,2,4,1,0.0,0.0,51,4,10,13,0.0,0.0,0.0,0.0,2,47,0.0,68,10
90309,Cruzeiro,0,0.0,ata,2,3,0.0,0.0,0.0,46,16,21,28,1,0.0,0.0,0.0,13,43,0.0,18,0.0
90302,Cruzeiro,3.4,0.0,ata,2,3,0.0,0.0,0.0,16,11,11,30,0.0,2,0.0,0.0,3,53,0.0,15,0.0
93869,Ceará,0,0.0,gol,0.0,0.0,0.0,2,0.0,0.0,0.0,0.0,0.0,0.0,0.0,0.0,1,0.0,0.0,0.0,0.0,0.0
93882,Atlético-MG,4.2,0.0,gol,1,1,0.0,25,1,0.0,0.0,0.0,7,0.0,0.0,0.0,24,0.0,16,0.0,0.0,5
93797,Botafogo,0,0.0,lat,4,2,0.0,0.0,0.0,30,7,13,17,1,1,0.0,0.0,1,59,0.0,18,5
90569,Fluminense,0,0.0,mei,0.0,9,0.0,0.0,0.0,32,1,4,13,0.0,0.0,0.0,0.0,0.0,30,0.0,26,0.0
104326,Avaí,0,0.0,zag,0.0,0.0,0.0,0.0,0.0,0.0,0.0,0.0,0.0,0.0,0.0,0.0,0.0,0.0,0.0,0.0,0.0,0.0
104327,Avaí,0,0.0,mei,0.0,0.0,0.0,0.0,0.0,0.0,0.0,0.0,0.0,0.0,0.0,0.0,0.0,0.0,0.0,0.0,0.0,0.0
94044,Santos,0,0.0,gol,0.0,0.0,0.0,0.0,0.0,0.0,0.0,0.0,0.0,0.0,0.0,0.0,0.0,0.0,0.0,0.0,0.0,0.0
94067,Palmeiras,-1.6,0.0,mei,0.0,1,0.0,0.0,0.0,10,1,0.0,4,0.0,0.0,0.0,0.0,0.0,8,0.0,7,0.0
93893,Vasco,-1.8,0.0,mei,0.0,5,0.0,0.0,0.0,38,4,6,30,1,1,0.0,0.0,0.0,52,0.0,24,0.0
94138,Grêmio,0,0.0,ata,0.0,0.0,0.0,0.0,0.0,9,0.0,4,3,0.0,1,0.0,0.0,0.0,7,0.0,0.0,0.0
104328,Avaí,0,0.0,gol,0.0,0.0,0.0,0.0,0.0,0.0,0.0,0.0,0.0,0.0,0.0,0.0,0.0,0.0,0.0,0.0,0.0,0.0
94068,Vasco,2,0.0,ata,0.0,0.0,0.0,0.0,0.0,26,6,14,20,1,2,0.0,0.0,9,13,0.0,3,0.0
94297,Ceará,0,0.0,mei,0.0,5,0.0,0.0,0.0,15,2,5,15,0.0,0.0,0.0,0.0,1,8,0.0,16,0.0
104329,Avaí,0,0.0,gol,0.0,0.0,0.0,0.0,0.0,0.0,0.0,0.0,0.0,0.0,0.0,0.0,0.0,0.0,0.0,0.0,0.0,0.0
94288,Chapecoense,0,0.0,mei,0.0,0.0,0.0,0.0,0.0,0.0,0.0,0.0,0.0,0.0,0.0,0.0,0.0,0.0,0.0,0.0,0.0,0.0
94495,Atlético-MG,0,0.0,mei,0.0,0.0,0.0,0.0,0.0,0.0,0.0,0.0,0.0,0.0,0.0,0.0,0.0,0.0,0.0,0.0,0.0,0.0
94156,Santos,8,0.0,mei,1,7,0.0,0.0,0.0,60,11,15,33,2,2,0.0,0.0,0.0,72,0.0,33,0.0
94509,Palmeiras,0.4,0.0,mei,0.0,0.0,0.0,0.0,0.0,12,4,10,10,0.0,1,0.0,0.0,0.0,12,0.0,6,0.0
94857,CSA,2.2,0.0,mei,3,6,1,0.0,0.0,35,16,18,69,1,5,0.0,0.0,2,61,0.0,26,0.0
104333,Avaí,0,0.0,mei,0.0,0.0,0.0,0.0,0.0,0.0,0.0,0.0,0.0,0.0,0.0,0.0,0.0,0.0,0.0,0.0,0.0,0.0
104356,CSA,0,0.0,zag,0.0,0.0,0.0,0.0,0.0,0.0,0.0,0.0,0.0,0.0,0.0,0.0,0.0,0.0,0.0,0.0,0.0,0.0
94931,São Paulo,0,0.0,mei,0.0,0.0,0.0,0.0,0.0,0.0,0.0,0.0,0.0,0.0,0.0,0.0,0.0,0.0,0.0,0.0,0.0,0.0
97133,Internacional,0,0.0,lat,0.0,0.0,0.0,0.0,0.0,0.0,0.0,0.0,0.0,0.0,0.0,0.0,0.0,0.0,0.0,0.0,0.0,0.0
97315,Corinthians,0,0.0,mei,0.0,0.0,0.0,0.0,0.0,0.0,0.0,0.0,0.0,0.0,0.0,0.0,0.0,0.0,0.0,0.0,0.0,0.0
104362,Fortaleza,0,0.0,ata,0.0,0.0,0.0,0.0,0.0,0.0,0.0,0.0,0.0,0.0,0.0,0.0,0.0,0.0,0.0,0.0,0.0,0.0
105339,Goiás,0,0.0,zag,0.0,0.0,0.0,0.0,0.0,0.0,0.0,0.0,0.0,0.0,0.0,0.0,0.0,0.0,0.0,0.0,0.0,0.0
105340,Goiás,0,0.0,mei,0.0,0.0,0.0,0.0,0.0,0.0,0.0,0.0,0.0,0.0,0.0,0.0,0.0,0.0,0.0,0.0,0.0,0.0
105913,Cruzeiro,0,0.0,ata,0.0,0.0,0.0,0.0,0.0,0.0,0.0,0.0,1,0.0,0.0,0.0,0.0,1,0.0,0.0,1,0.0
105553,Vasco,0,0.0,gol,0.0,0.0,0.0,8,0.0,0.0,0.0,0.0,0.0,0.0,0.0,0.0,6,0.0,0.0,0.0,0.0,0.0
97245,Corinthians,3,0.0,ata,1,0.0,0.0,0.0,0.0,13,4,8,22,0.0,1,0.0,0.0,2,16,0.0,8,0.0
105341,Goiás,0,0.0,zag,0.0,0.0,0.0,0.0,0.0,0.0,0.0,0.0,0.0,0.0,0.0,0.0,0.0,0.0,0.0,0.0,1,0.0
105395,Goiás,0,0.0,zag,0.0,0.0,0.0,0.0,0.0,0.0,0.0,0.0,0.0,0.0,0.0,0.0,0.0,0.0,0.0,0.0,0.0,0.0
105396,Goiás,0,0.0,mei,0.0,0.0,0.0,0.0,0.0,0.0,0.0,0.0,0.0,0.0,0.0,0.0,0.0,0.0,0.0,0.0,0.0,0.0
105397,Goiás,0,0.0,gol,0.0,0.0,0.0,0.0,0.0,0.0,0.0,0.0,0.0,0.0,0.0,0.0,0.0,0.0,0.0,0.0,0.0,0.0
95464,Bahia,4.4,0.0,mei,4,6,1,0.0,0.0,105,2,11,25,0.0,0.0,0.0,0.0,0.0,83,0.0,85,0.0
95476,Avaí,1,0.0,zag,0.0,2,1,0.0,0.0,12,0.0,1,7,0.0,0.0,0.0,0.0,0.0,17,0.0,9,2
105589,Palmeiras,0,0.0,gol,0.0,0.0,0.0,0.0,0.0,0.0,0.0,0.0,0.0,0.0,0.0,0.0,0.0,0.0,0.0,0.0,0.0,0.0
105566,Vasco,0,0.0,lat,0.0,0.0,0.0,0.0,0.0,0.0,0.0,0.0,0.0,0.0,0.0,0.0,0.0,0.0,0.0,0.0,0.0,0.0
95466,São Paulo,0,0.0,lat,2,3,2,0.0,0.0,28,3,4,9,0.0,0.0,0.0,0.0,0.0,28,0.0,33,7
104634,Bahia,0,0.0,lat,0.0,0.0,0.0,0.0,0.0,0.0,0.0,0.0,0.0,0.0,0.0,0.0,0.0,0.0,0.0,0.0,0.0,0.0
105612,Fluminense,0,0.0,mei,0.0,0.0,0.0,0.0,0.0,0.0,0.0,0.0,2,0.0,0.0,0.0,0.0,0.0,1,0.0,0.0,0.0
97352,Botafogo,0,0.0,ata,0.0,0.0,0.0,0.0,0.0,0.0,0.0,0.0,0.0,0.0,0.0,0.0,0.0,0.0,0.0,0.0,0.0,0.0
105635,Atlético-PR,0,0.0,mei,0.0,0.0,0.0,0.0,0.0,0.0,0.0,0.0,0.0,0.0,0.0,0.0,0.0,0.0,0.0,0.0,0.0,0.0
105585,Corinthians,0,0.0,mei,0.0,0.0,0.0,0.0,0.0,0.0,0.0,0.0,0.0,0.0,0.0,0.0,0.0,0.0,0.0,0.0,0.0,0.0
105647,Cruzeiro,0,0.0,mei,0.0,0.0,0.0,0.0,0.0,3,1,2,4,0.0,1,0.0,0.0,1,10,0.0,3,0.0
95542,Fluminense,0,0.0,lat,0.0,0.0,0.0,0.0,0.0,6,1,2,3,0.0,0.0,0.0,0.0,0.0,3,0.0,6,2
104646,CSA,5,0.0,lat,0.0,2,0.0,0.0,0.0,8,1,2,22,0.0,0.0,0.0,0.0,0.0,13,0.0,2,1
95638,Botafogo,6.4,0.0,zag,1,3,0.0,0.0,0.0,7,1,1,13,1,2,2,0.0,0.0,23,0.0,7,4
105636,Atlético-PR,0,0.0,zag,0.0,0.0,0.0,0.0,0.0,0.0,0.0,0.0,0.0,0.0,0.0,0.0,0.0,0.0,0.0,0.0,0.0,0.0
105584,Corinthians,0,0.0,lat,0.0,0.0,0.0,0.0,0.0,0.0,0.0,0.0,0.0,0.0,0.0,0.0,0.0,0.0,0.0,0.0,0.0,0.0
95494,Santos,0,0.0,zag,0.0,3,0.0,0.0,0.0,21,0.0,2,9,0.0,0.0,0.0,0.0,0.0,15,0.0,23,7
105786,Vasco,0,0.0,ata,0.0,4,0.0,0.0,0.0,22,6,12,29,0.0,2,0.0,0.0,1,24,0.0,6,0.0
97543,Atlético-MG,0,0.0,gol,0.0,0.0,0.0,0.0,0.0,0.0,0.0,0.0,0.0,0.0,0.0,0.0,0.0,0.0,0.0,0.0,0.0,0.0
97341,Fortaleza,2.56,0.0,tec,0.0,0.0,0.0,0.0,0.0,0.0,0.0,0.0,0.0,0.0,0.0,0.0,0.0,0.0,0.0,0.0,0.0,0.0
104649,Internacional,2.9,0.0,lat,1,5,0.0,0.0,0.0,22,4,5,34,0.0,0.0,0.0,0.0,0.0,49,0.0,21,4
97452,São Paulo,0,0.0,ata,0.0,1,0.0,0.0,0.0,7,1,0.0,3,0.0,0.0,0.0,0.0,0.0,4,0.0,3,0.0
104401,Atlético-MG,0,0.0,zag,0.0,0.0,0.0,0.0,0.0,0.0,0.0,0.0,0.0,0.0,0.0,0.0,0.0,0.0,0.0,0.0,0.0,0.0
95660,Fortaleza,0,0.0,mei,0.0,1,0.0,0.0,0.0,2,0.0,0.0,2,0.0,0.0,0.0,0.0,0.0,15,0.0,9,0.0
104650,Botafogo,0,0.0,lat,0.0,1,0.0,0.0,0.0,9,0.0,0.0,3,0.0,0.0,0.0,0.0,0.0,6,0.0,5,2
94968,Grêmio,0,0.0,lat,1,7,0.0,0.0,0.0,27,2,2,36,0.0,0.0,0.0,0.0,3,37,0.0,27,7
97520,Bahia,0,0.0,mei,0.0,0.0,0.0,0.0,0.0,4,1,1,2,0.0,0.0,0.0,0.0,0.0,8,0.0,2,0.0
105807,Fluminense,0,0.0,zag,0.0,0.0,0.0,0.0,0.0,0.0,0.0,0.0,0.0,0.0,0.0,0.0,0.0,0.0,0.0,0.0,0.0,0.0
104651,Botafogo,0,0.0,gol,0.0,0.0,0.0,0.0,0.0,0.0,0.0,0.0,0.0,0.0,0.0,0.0,0.0,0.0,0.0,0.0,0.0,0.0
94975,Bahia,0,0.0,mei,1,0.0,0.0,0.0,0.0,3,2,2,12,0.0,1,0.0,0.0,1,9,0.0,3,0.0
99915,Cruzeiro,4.2,0.0,ata,0.0,0.0,0.0,0.0,0.0,5,2,2,12,2,0.0,0.0,0.0,0.0,8,0.0,6,0.0
104404,Atlético-MG,0,0.0,mei,0.0,0.0,0.0,0.0,0.0,0.0,0.0,0.0,0.0,0.0,0.0,0.0,0.0,0.0,0.0,0.0,0.0,0.0
95780,Internacional,3.69,0.0,tec,0.0,0.0,0.0,0.0,0.0,0.0,0.0,0.0,0.0,0.0,0.0,0.0,0.0,0.0,0.0,0.0,0.0,0.0
104660,Goiás,0,0.0,ata,0.0,1,0.0,0.0,0.0,4,0.0,1,1,0.0,0.0,0.0,0.0,0.0,0.0,0.0,1,0.0
104408,Atlético-MG,0,0.0,mei,0.0,0.0,0.0,0.0,0.0,0.0,0.0,0.0,0.0,0.0,0.0,0.0,0.0,0.0,0.0,0.0,0.0,0.0
105837,Grêmio,0,0.0,ata,0.0,1,0.0,0.0,0.0,1,0.0,0.0,1,0.0,0.0,0.0,0.0,0.0,0.0,0.0,1,0.0
105836,Grêmio,0,0.0,ata,0.0,0.0,0.0,0.0,0.0,1,0.0,0.0,2,0.0,0.0,0.0,0.0,0.0,0.0,0.0,0.0,0.0
94980,Bahia,0,0.0,ata,0.0,0.0,0.0,0.0,0.0,0.0,0.0,0.0,0.0,0.0,0.0,0.0,0.0,0.0,0.0,0.0,0.0,0.0
97527,Fortaleza,0,0.0,ata,0.0,0.0,0.0,0.0,0.0,2,0.0,1,5,0.0,0.0,0.0,0.0,0.0,2,0.0,2,0.0
94976,Goiás,0,0.0,ata,0.0,0.0,0.0,0.0,0.0,0.0,0.0,0.0,0.0,0.0,0.0,0.0,0.0,0.0,0.0,0.0,0.0,0.0
95798,Botafogo,0,0.0,mei,1,2,0.0,0.0,0.0,8,5,8,15,0.0,0.0,0.0,0.0,0.0,65,0.0,24,0.0
97528,Fluminense,0,0.0,zag,0.0,2,2,0.0,0.0,11,1,0.0,2,0.0,1,0.0,0.0,0.0,8,0.0,5,5
104678,Vasco,0,0.0,ata,1,1,0.0,0.0,0.0,15,1,4,4,1,1,0.0,0.0,1,4,0.0,2,0.0
104459,Ceará,0,0.0,ata,0.0,0.0,0.0,0.0,0.0,2,0.0,1,1,0.0,0.0,0.0,0.0,0.0,5,0.0,3,0.0
105841,Palmeiras,0,0.0,ata,0.0,0.0,0.0,0.0,0.0,0.0,0.0,0.0,0.0,0.0,0.0,0.0,0.0,0.0,0.0,0.0,0.0,0.0
101597,Flamengo,0,0.0,lat,0.0,0.0,0.0,0.0,0.0,0.0,0.0,0.0,0.0,0.0,0.0,0.0,0.0,0.0,0.0,0.0,0.0,0.0
97080,Fluminense,1.9,0.0,ata,2,2,0.0,0.0,0.0,40,27,42,55,3,6,0.0,0.0,7,38,0.0,29,0.0
97522,Bahia,0,0.0,mei,0.0,0.0,0.0,0.0,0.0,0.0,0.0,0.0,0.0,0.0,0.0,0.0,0.0,0.0,0.0,0.0,0.0,0.0
105838,Internacional,0,0.0,lat,0.0,0.0,0.0,0.0,0.0,0.0,0.0,0.0,3,0.0,0.0,0.0,0.0,0.0,3,0.0,3,0.0
104513,Atlético-PR,0,0.0,lat,1,0.0,0.0,0.0,0.0,7,0.0,0.0,1,0.0,0.0,0.0,0.0,0.0,11,0.0,3,2
104824,CSA,0,0.0,ata,0.0,0.0,0.0,0.0,0.0,0.0,0.0,0.0,0.0,0.0,0.0,0.0,0.0,0.0,0.0,0.0,0.0,0.0
105842,Cruzeiro,0,0.0,zag,0.0,0.0,0.0,0.0,0.0,0.0,0.0,0.0,0.0,0.0,0.0,0.0,0.0,0.0,0.0,0.0,0.0,0.0
97535,Chapecoense,0,0.0,zag,0.0,0.0,1,0.0,0.0,3,0.0,0.0,0.0,0.0,0.0,0.0,0.0,0.0,0.0,0.0,2,1
94982,Bahia,0,0.0,mei,0.0,0.0,0.0,0.0,0.0,0.0,0.0,0.0,0.0,0.0,0.0,0.0,0.0,0.0,0.0,0.0,0.0,0.0
105049,Botafogo,0,0.0,ata,0.0,0.0,0.0,0.0,0.0,0.0,0.0,0.0,0.0,0.0,0.0,0.0,0.0,0.0,0.0,0.0,0.0,0.0
104991,CSA,0,0.0,gol,0.0,0.0,0.0,0.0,0.0,0.0,0.0,0.0,0.0,0.0,0.0,0.0,0.0,0.0,0.0,0.0,0.0,0.0
105846,Atlético-PR,0,0.0,zag,0.0,0.0,0.0,0.0,0.0,0.0,0.0,0.0,0.0,0.0,0.0,0.0,0.0,0.0,0.0,0.0,0.0,0.0
104994,Santos,0,0.0,zag,0.0,0.0,0.0,0.0,0.0,0.0,0.0,0.0,0.0,0.0,0.0,0.0,0.0,0.0,0.0,0.0,0.0,0.0
95220,Goiás,0,0.0,lat,2,5,0.0,0.0,0.0,25,3,7,30,0.0,1,0.0,0.0,1,64,0.0,46,9
105068,Flamengo,2.4,0.0,mei,2,1,0.0,0.0,0.0,11,3,8,6,0.0,4,0.0,0.0,0.0,16,0.0,9,0.0
104578,Santos,0,0.0,ata,0.0,0.0,0.0,0.0,0.0,16,5,7,11,0.0,1,0.0,0.0,3,17,0.0,3,0.0
104580,Santos,0,0.0,mei,0.0,0.0,0.0,0.0,0.0,0.0,0.0,0.0,0.0,0.0,0.0,0.0,0.0,0.0,0.0,0.0,0.0,0.0
95222,Goiás,1.5,0.0,mei,1,1,0.0,0.0,0.0,14,1,7,9,1,1,0.0,0.0,0.0,9,0.0,3,0.0
97780,CSA,-0.6,0.0,mei,0.0,7,0.0,0.0,0.0,32,2,10,11,0.0,0.0,0.0,0.0,1,34,0.0,37,0.0
97619,Atlético-PR,0,0.0,mei,1,0.0,0.0,0.0,0.0,10,3,5,4,0.0,0.0,0.0,0.0,0.0,19,0.0,2,0.0
105111,Santos,0,0.0,ata,0.0,0.0,0.0,0.0,0.0,0.0,0.0,0.0,0.0,0.0,0.0,0.0,0.0,0.0,0.0,0.0,0.0,0.0
105868,Corinthians,0,0.0,lat,0.0,0.0,0.0,0.0,0.0,0.0,0.0,0.0,0.0,0.0,0.0,0.0,0.0,0.0,0.0,0.0,0.0,0.0
95246,Avaí,0,0.0,ata,0.0,0.0,0.0,0.0,0.0,3,0.0,1,6,0.0,0.0,0.0,0.0,0.0,2,0.0,1,0.0
104591,Bahia,0,0.0,ata,0.0,0.0,0.0,0.0,0.0,0.0,0.0,0.0,0.0,0.0,0.0,0.0,0.0,0.0,0.0,0.0,0.0,0.0
104593,Grêmio,0,0.0,mei,1,0.0,0.0,0.0,0.0,11,1,3,2,0.0,0.0,0.0,0.0,0.0,13,0.0,11,0.0
105173,Fortaleza,0,0.0,lat,0.0,0.0,0.0,0.0,0.0,0.0,0.0,0.0,0.0,0.0,0.0,0.0,0.0,0.0,0.0,0.0,0.0,0.0
105175,Atlético-PR,0,0.0,lat,0.0,1,0.0,0.0,0.0,8,1,1,1,0.0,0.0,0.0,0.0,0.0,9,0.0,6,1
105866,Corinthians,0,0.0,ata,0.0,0.0,0.0,0.0,0.0,0.0,0.0,0.0,0.0,0.0,0.0,0.0,0.0,0.0,0.0,0.0,0.0,0.0
97902,Flamengo,0,0.0,zag,0.0,1,0.0,0.0,0.0,1,0.0,1,1,0.0,0.0,0.0,0.0,0.0,0.0,0.0,0.0,0.0
95335,Corinthians,0,0.0,mei,0.0,0.0,0.0,0.0,0.0,3,0.0,0.0,7,0.0,0.0,0.0,0.0,1,5,0.0,8,0.0
104622,Atlético-MG,0,0.0,lat,0.0,0.0,0.0,0.0,0.0,0.0,0.0,0.0,0.0,0.0,0.0,0.0,0.0,0.0,0.0,0.0,0.0,0.0
105176,Atlético-PR,0,0.0,ata,0.0,0.0,0.0,0.0,0.0,0.0,0.0,0.0,0.0,0.0,0.0,0.0,0.0,0.0,0.0,0.0,0.0,0.0
105897,Flamengo,0,0.0,zag,1,4,0.0,0.0,0.0,24,1,4,6,2,2,0.0,0.0,1,27,0.0,26,9
86519,Atlético-PR,0,0.0,mei,0.0,1,0.0,0.0,0.0,3,1,3,10,0.0,0.0,0.0,0.0,0.0,12,0.0,3,0.0
95352,Cruzeiro,-0.6,0.0,lat,0.0,2,1,0.0,0.0,37,4,5,20,0.0,2,0.0,0.0,1,45,0.0,32,6
95799,Bahia,4.8,0.0,ata,2,6,0.0,0.0,0.0,22,13,22,47,0.0,6,0.0,0.0,5,88,1,17,0.0
105899,Santos,0,0.0,mei,0.0,0.0,0.0,0.0,0.0,0.0,0.0,0.0,0.0,0.0,0.0,0.0,0.0,0.0,0.0,0.0,0.0,0.0
95802,Flamengo,0,0.0,mei,0.0,4,0.0,0.0,0.0,19,1,4,18,0.0,0.0,0.0,0.0,0.0,17,0.0,13,0.0
82635,Avaí,3.2,0.0,lat,0.0,5,0.0,0.0,0.0,29,4,6,23,0.0,0.0,0.0,0.0,3,54,0.0,38,8
105902,Internacional,0,0.0,mei,0.0,0.0,0.0,0.0,0.0,3,0.0,0.0,1,0.0,0.0,0.0,0.0,0.0,3,0.0,1,0.0
105901,Bahia,0,0.0,mei,0.0,0.0,0.0,0.0,0.0,0.0,0.0,0.0,0.0,0.0,0.0,0.0,0.0,0.0,0.0,0.0,0.0,0.0
106017,Vasco,0,0.0,ata,0.0,0.0,0.0,0.0,0.0,0.0,0.0,0.0,0.0,0.0,0.0,0.0,0.0,0.0,0.0,0.0,0.0,0.0
105900,Santos,0,0.0,ata,0.0,0.0,0.0,0.0,0.0,0.0,0.0,0.0,0.0,0.0,0.0,0.0,0.0,0.0,0.0,0.0,0.0,0.0
82639,Goiás,0,0.0,lat,2,3,0.0,0.0,0.0,9,1,4,10,0.0,0.0,0.0,0.0,0.0,18,0.0,12,3
105903,Internacional,0,0.0,mei,0.0,0.0,0.0,0.0,0.0,0.0,0.0,1,0.0,0.0,0.0,0.0,0.0,0.0,1,0.0,2,0.0
105906,Cruzeiro,0,0.0,mei,0.0,0.0,0.0,0.0,0.0,0.0,0.0,0.0,0.0,0.0,0.0,0.0,0.0,0.0,0.0,0.0,0.0,0.0
105907,Goiás,0,0.0,mei,0.0,0.0,0.0,0.0,0.0,0.0,0.0,0.0,0.0,0.0,0.0,0.0,0.0,0.0,0.0,0.0,0.0,0.0
82647,Corinthians,0,0.0,mei,0.0,1,0.0,0.0,0.0,0.0,1,1,4,0.0,0.0,0.0,0.0,0.0,1,0.0,2,0.0
97907,Cruzeiro,0,0.0,lat,0.0,1,0.0,0.0,0.0,0.0,1,0.0,0.0,0.0,0.0,0.0,0.0,0.0,3,0.0,0.0,1
82730,Goiás,0,0.0,gol,0.0,0.0,0.0,6,0.0,0.0,0.0,0.0,1,0.0,0.0,0.0,3,0.0,0.0,0.0,0.0,0.0
97993,Grêmio,0,0.0,mei,0.0,0.0,0.0,0.0,0.0,0.0,0.0,0.0,0.0,0.0,0.0,0.0,0.0,0.0,0.0,0.0,0.0,0.0
82767,Avaí,-0.2,0.0,ata,0.0,1,0.0,0.0,0.0,15,11,5,20,0.0,1,0.0,0.0,5,20,0.0,3,0.0
82653,Botafogo,0,0.0,ata,0.0,2,0.0,0.0,0.0,15,2,6,25,0.0,0.0,0.0,0.0,3,11,0.0,3,0.0
41929,Grêmio,1.45,0.0,tec,0.0,0.0,0.0,0.0,0.0,0.0,0.0,0.0,0.0,0.0,0.0,0.0,0.0,0.0,0.0,0.0,0.0,0.0
42116,Palmeiras,-2.2,0.0,ata,1,2,1,0.0,0.0,14,7,6,17,1,4,0.0,0.0,4,26,0.0,5,0.0
82787,Cruzeiro,2.2,0.0,ata,0.0,0.0,0.0,0.0,0.0,3,1,2,0.0,0.0,0.0,0.0,0.0,0.0,0.0,0.0,2,0.0
82880,Avaí,0,0.0,ata,0.0,1,0.0,0.0,0.0,6,3,5,9,0.0,1,0.0,0.0,2,6,0.0,0.0,0.0
98106,Atlético-MG,0,0.0,zag,0.0,0.0,0.0,0.0,0.0,0.0,0.0,0.0,0.0,0.0,0.0,0.0,0.0,0.0,0.0,0.0,0.0,0.0
97995,Chapecoense,0,0.0,ata,0.0,1,0.0,0.0,0.0,7,3,1,1,0.0,0.0,0.0,0.0,0.0,6,0.0,4,0.0
42145,Cruzeiro,1.6,0.0,lat,1,2,0.0,0.0,0.0,30,8,7,22,0.0,0.0,0.0,0.0,1,66,0.0,40,8
105909,Atlético-PR,0,0.0,ata,0.0,0.0,0.0,0.0,0.0,0.0,0.0,0.0,0.0,0.0,0.0,0.0,0.0,0.0,0.0,0.0,0.0,0.0
98022,Atlético-PR,1.7,0.0,mei,0.0,1,0.0,0.0,0.0,18,5,2,5,0.0,1,0.0,0.0,0.0,15,0.0,9,0.0
82930,Ceará,0,0.0,lat,0.0,4,0.0,0.0,0.0,12,0.0,1,16,0.0,0.0,0.0,0.0,0.0,14,0.0,14,0.0
42232,Chapecoense,-0.3,0.0,mei,0.0,2,0.0,0.0,0.0,13,0.0,4,2,0.0,0.0,0.0,0.0,0.0,7,0.0,11,0.0
82943,Santos,0,0.0,lat,0.0,0.0,0.0,0.0,0.0,0.0,0.0,0.0,0.0,0.0,0.0,0.0,0.0,0.0,0.0,0.0,0.0,0.0
105198,Atlético-MG,0,0.0,ata,0.0,0.0,0.0,0.0,0.0,0.0,0.0,0.0,0.0,0.0,0.0,0.0,0.0,0.0,0.0,0.0,0.0,0.0
42222,Fortaleza,10.5,0.0,ata,5,3,1,0.0,0.0,26,7,17,19,3,5,0.0,0.0,1,38,0.0,14,0.0
98224,Atlético-PR,0,0.0,mei,0.0,0.0,0.0,0.0,0.0,0.0,0.0,0.0,0.0,0.0,0.0,0.0,0.0,0.0,0.0,0.0,0.0,0.0
95820,Corinthians,0,0.0,zag,0.0,0.0,0.0,0.0,0.0,0.0,0.0,0.0,0.0,0.0,0.0,0.0,0.0,0.0,0.0,0.0,0.0,0.0
105910,Cruzeiro,0,0.0,zag,0.0,0.0,0.0,0.0,0.0,0.0,0.0,0.0,0.0,0.0,0.0,0.0,0.0,0.0,0.0,0.0,0.0,0.0
98333,Flamengo,0,0.0,gol,0.0,0.0,0.0,0.0,0.0,0.0,0.0,0.0,0.0,0.0,0.0,0.0,1,0.0,0.0,0.0,0.0,0.0
98352,Atlético-PR,0,0.0,mei,2,3,0.0,0.0,0.0,38,9,15,62,1,2,0.0,0.0,0.0,81,0.0,37,0.0
95860,Chapecoense,0,0.0,zag,0.0,0.0,0.0,0.0,0.0,0.0,0.0,0.0,0.0,0.0,0.0,0.0,0.0,0.0,0.0,0.0,0.0,0.0
105912,Cruzeiro,0,0.0,mei,0.0,0.0,0.0,0.0,0.0,0.0,0.0,0.0,0.0,0.0,0.0,0.0,0.0,0.0,0.0,0.0,0.0,0.0
83004,Atlético-MG,-3.2,0.0,mei,1,5,0.0,0.0,0.0,29,23,26,46,1,1,0.0,0.0,4,30,0.0,10,0.0
98400,Avaí,0,0.0,ata,0.0,0.0,0.0,0.0,0.0,1,0.0,2,3,0.0,0.0,0.0,0.0,1,1,0.0,0.0,0.0
97994,Corinthians,0,0.0,mei,0.0,0.0,0.0,0.0,0.0,0.0,0.0,0.0,0.0,0.0,0.0,0.0,0.0,0.0,0.0,0.0,0.0,0.0
105911,Cruzeiro,0,0.0,mei,0.0,0.0,0.0,0.0,0.0,0.0,0.0,0.0,0.0,0.0,0.0,0.0,0.0,0.0,0.0,0.0,0.0,0.0
95875,Vasco,0,0.0,ata,0.0,0.0,0.0,0.0,0.0,0.0,0.0,0.0,0.0,0.0,0.0,0.0,0.0,0.0,0.0,0.0,0.0,0.0
96382,Fortaleza,-0.9,0.0,zag,0.0,4,0.0,0.0,0.0,18,1,2,12,0.0,1,0.0,0.0,0.0,49,0.0,19,7
96340,Ceará,0,0.0,mei,1,2,0.0,0.0,0.0,12,10,10,23,0.0,1,0.0,0.0,2,22,0.0,17,0.0
83263,Bahia,0,0.0,mei,0.0,0.0,0.0,0.0,0.0,0.0,0.0,0.0,0.0,0.0,0.0,0.0,0.0,0.0,0.0,0.0,0.0,0.0
83199,Fluminense,0,0.0,ata,0.0,1,0.0,0.0,0.0,2,2,0.0,0.0,0.0,0.0,0.0,0.0,0.0,2,0.0,0.0,0.0
105199,Flamengo,0,0.0,mei,0.0,0.0,0.0,0.0,0.0,2,0.0,0.0,0.0,0.0,0.0,0.0,0.0,0.0,1,0.0,2,0.0
105914,Santos,0,0.0,zag,0.0,0.0,0.0,0.0,0.0,0.0,0.0,0.0,0.0,0.0,0.0,0.0,0.0,0.0,0.0,0.0,0.0,0.0
83438,Internacional,0,0.0,ata,3,2,0.0,0.0,0.0,21,8,15,37,0.0,2,0.0,0.0,15,26,0.0,9,0.0
98412,Chapecoense,0,0.0,gol,0.0,2,0.0,39,4,0.0,0.0,0.0,3,0.0,0.0,0.0,38,0.0,16,0.0,0.0,5
96464,Avaí,0,0.0,zag,0.0,0.0,0.0,0.0,0.0,0.0,0.0,0.0,0.0,0.0,0.0,0.0,0.0,0.0,0.0,0.0,0.0,0.0
83433,Internacional,5.8,0.0,mei,1,5,0.0,0.0,0.0,35,4,14,36,0.0,2,0.0,0.0,0.0,41,0.0,59,0.0
96454,Avaí,1.28,0.0,tec,0.0,0.0,0.0,0.0,0.0,0.0,0.0,0.0,0.0,0.0,0.0,0.0,0.0,0.0,0.0,0.0,0.0,0.0
96468,Internacional,0,0.0,gol,0.0,0.0,0.0,0.0,0.0,0.0,0.0,0.0,0.0,0.0,0.0,0.0,0.0,0.0,0.0,0.0,0.0,0.0
99460,Atlético-PR,0,0.0,gol,0.0,0.0,0.0,3,0.0,0.0,0.0,0.0,0.0,0.0,0.0,0.0,4,0.0,4,0.0,0.0,1
83528,Atlético-PR,7.8,0.0,zag,0.0,6,0.0,0.0,0.0,36,3,8,15,0.0,2,0.0,0.0,2,65,0.0,23,9
98419,Chapecoense,0,0.0,mei,0.0,0.0,0.0,0.0,0.0,0.0,0.0,0.0,0.0,0.0,0.0,0.0,0.0,0.0,0.0,0.0,0.0,0.0
106000,Internacional,0,0.0,mei,0.0,0.0,0.0,0.0,0.0,0.0,0.0,0.0,0.0,0.0,0.0,0.0,0.0,0.0,0.0,0.0,0.0,0.0
98421,Chapecoense,0,0.0,mei,0.0,0.0,0.0,0.0,0.0,0.0,0.0,0.0,0.0,0.0,0.0,0.0,0.0,0.0,0.0,0.0,0.0,0.0
83772,Internacional,0,0.0,ata,0.0,1,0.0,0.0,0.0,13,2,9,21,0.0,1,0.0,0.0,2,25,0.0,9,0.0
83681,CSA,9.2,0.0,lat,0.0,0.0,0.0,0.0,0.0,3,0.0,1,3,1,1,0.0,0.0,0.0,5,0.0,5,1
96652,Fluminense,-0.5,0.0,mei,1,10,1,0.0,0.0,58,13,16,40,0.0,0.0,0.0,0.0,0.0,78,0.0,34,0.0
98484,Botafogo,0,0.0,zag,0.0,0.0,0.0,0.0,0.0,2,0.0,0.0,1,0.0,0.0,0.0,0.0,0.0,5,0.0,2,0.0
106076,Goiás,0,0.0,mei,0.0,0.0,0.0,0.0,0.0,0.0,0.0,0.0,0.0,0.0,0.0,0.0,0.0,0.0,0.0,0.0,0.0,0.0
96965,Avaí,0,0.0,gol,0.0,0.0,0.0,0.0,0.0,0.0,0.0,0.0,0.0,0.0,0.0,0.0,0.0,0.0,0.0,0.0,0.0,0.0
98494,Internacional,0,0.0,mei,0.0,0.0,0.0,0.0,0.0,0.0,0.0,0.0,0.0,0.0,0.0,0.0,0.0,0.0,0.0,0.0,0.0,0.0
98496,Cruzeiro,0,0.0,gol,0.0,0.0,0.0,0.0,0.0,0.0,0.0,0.0,0.0,0.0,0.0,0.0,0.0,0.0,0.0,0.0,0.0,0.0
106002,Internacional,0,0.0,ata,0.0,0.0,0.0,0.0,0.0,0.0,0.0,0.0,0.0,0.0,0.0,0.0,0.0,0.0,0.0,0.0,0.0,0.0
96966,Chapecoense,0.5,0.0,ata,0.0,2,0.0,0.0,0.0,23,3,10,42,1,3,0.0,0.0,2,30,0.0,16,0.0
98497,Palmeiras,0,0.0,mei,0.0,0.0,0.0,0.0,0.0,0.0,0.0,0.0,0.0,0.0,0.0,0.0,0.0,0.0,0.0,0.0,0.0,0.0
60791,Fortaleza,0,0.0,mei,0.0,1,0.0,0.0,0.0,1,0.0,0.0,1,0.0,0.0,0.0,0.0,0.0,1,0.0,1,0.0
49651,Bahia,0,0.0,zag,0.0,0.0,0.0,0.0,0.0,2,0.0,0.0,4,1,1,0.0,0.0,0.0,3,0.0,4,4
83817,Corinthians,6.9,0.0,ata,4,5,0.0,0.0,0.0,31,10,10,46,1,3,0.0,0.0,4,52,0.0,18,0.0
98499,Corinthians,8.77,0.0,tec,0.0,0.0,0.0,0.0,0.0,0.0,0.0,0.0,0.0,0.0,0.0,0.0,0.0,0.0,0.0,0.0,0.0,0.0
98569,Fluminense,1.7,0.0,mei,2,1,0.0,0.0,0.0,36,3,6,24,0.0,1,0.0,0.0,7,66,0.0,51,0.0
105208,Atlético-PR,0,0.0,gol,0.0,0.0,0.0,0.0,0.0,0.0,0.0,0.0,0.0,0.0,0.0,0.0,0.0,0.0,0.0,0.0,0.0,0.0
83869,Fortaleza,0,0.0,lat,0.0,0.0,0.0,0.0,0.0,0.0,0.0,0.0,0.0,0.0,0.0,0.0,0.0,0.0,0.0,0.0,0.0,0.0
98515,Flamengo,0,0.0,ata,0.0,0.0,0.0,0.0,0.0,3,1,1,5,0.0,0.0,0.0,0.0,0.0,2,0.0,1,0.0
105278,Goiás,0,0.0,zag,0.0,0.0,0.0,0.0,0.0,0.0,0.0,0.0,0.0,0.0,0.0,0.0,0.0,0.0,0.0,0.0,0.0,0.0
84253,Goiás,0,0.0,mei,0.0,1,0.0,0.0,0.0,1,0.0,0.0,0.0,0.0,0.0,0.0,0.0,0.0,1,0.0,0.0,0.0
98706,Corinthians,5.5,0.0,mei,4,0.0,0.0,0.0,0.0,13,18,23,43,0.0,5,0.0,0.0,2,73,0.0,25,0.0
99462,Avaí,0.5,0.0,mei,0.0,1,1,0.0,0.0,6,0.0,3,2,0.0,0.0,0.0,0.0,0.0,10,0.0,3,0.0
105282,Fortaleza,0,0.0,zag,0.0,0.0,0.0,0.0,0.0,0.0,0.0,0.0,0.0,0.0,0.0,0.0,0.0,0.0,0.0,0.0,0.0,0.0
98760,Fortaleza,0,0.0,mei,0.0,1,0.0,0.0,0.0,11,2,0.0,12,0.0,0.0,0.0,0.0,0.0,5,0.0,8,0.0
84338,Fortaleza,0,0.0,gol,0.0,0.0,0.0,0.0,0.0,0.0,0.0,0.0,0.0,0.0,0.0,0.0,0.0,0.0,0.0,0.0,0.0,0.0
84339,Fortaleza,0.8,0.0,lat,3,1,1,0.0,0.0,11,1,3,14,0.0,2,0.0,0.0,1,13,1,6,3
106077,Goiás,0,0.0,zag,0.0,0.0,0.0,0.0,0.0,0.0,0.0,0.0,0.0,0.0,0.0,0.0,0.0,0.0,0.0,0.0,0.0,0.0
100840,Grêmio,0,0.0,zag,0.0,0.0,0.0,0.0,0.0,0.0,0.0,0.0,0.0,0.0,0.0,0.0,0.0,0.0,0.0,0.0,0.0,0.0
100842,Grêmio,0,0.0,zag,0.0,0.0,0.0,0.0,0.0,0.0,0.0,0.0,0.0,0.0,0.0,0.0,0.0,0.0,0.0,0.0,0.0,0.0
49673,Grêmio,0,0.0,gol,0.0,0.0,0.0,17,0.0,0.0,0.0,0.0,0.0,0.0,0.0,0.0,13,0.0,1,0.0,0.0,2
99474,Botafogo,0,0.0,mei,0.0,0.0,0.0,0.0,0.0,0.0,0.0,0.0,4,0.0,0.0,0.0,0.0,0.0,3,0.0,2,0.0
98765,Atlético-MG,0.6,0.0,mei,2,0.0,0.0,0.0,0.0,12,3,5,8,0.0,1,0.0,0.0,0.0,14,0.0,4,0.0
100843,Grêmio,0,0.0,lat,0.0,0.0,0.0,0.0,0.0,0.0,0.0,0.0,0.0,0.0,0.0,0.0,0.0,0.0,0.0,0.0,0.0,0.0
106201,Vasco,0,0.0,ata,0.0,0.0,0.0,0.0,0.0,0.0,0.0,0.0,0.0,0.0,0.0,0.0,0.0,0.0,0.0,0.0,0.0,0.0
100846,Palmeiras,0,0.0,lat,0.0,0.0,0.0,0.0,0.0,0.0,0.0,0.0,0.0,0.0,0.0,0.0,0.0,0.0,0.0,0.0,0.0,0.0
106083,Goiás,0,0.0,mei,0.0,1,1,0.0,0.0,13,2,2,3,0.0,0.0,0.0,0.0,0.0,2,0.0,6,0.0
49675,São Paulo,0,0.0,ata,0.0,2,0.0,0.0,0.0,19,13,20,29,0.0,5,0.0,0.0,13,37,0.0,14,0.0
106159,Vasco,0,0.0,lat,0.0,0.0,0.0,0.0,0.0,1,0.0,0.0,1,0.0,0.0,0.0,0.0,0.0,0.0,0.0,1,0.0
84381,Goiás,0,0.0,mei,0.0,1,0.0,0.0,0.0,6,3,5,7,2,1,0.0,0.0,1,7,0.0,1,0.0
100963,Ceará,0,0.0,ata,1,2,0.0,0.0,0.0,40,9,9,19,1,2,0.0,0.0,10,11,0.0,8,0.0
100987,Internacional,1.9,0.0,mei,1,3,0.0,0.0,0.0,43,4,7,17,0.0,3,0.0,0.0,1,30,0.0,44,0.0
50284,Atlético-MG,0,0.0,gol,0.0,0.0,0.0,8,0.0,0.0,0.0,0.0,1,0.0,0.0,0.0,9,0.0,2,0.0,0.0,0.0
99550,Botafogo,9.5,0.0,lat,1,7,0.0,0.0,0.0,37,4,2,16,1,0.0,0.0,0.0,0.0,42,0.0,31,8
98794,Chapecoense,0,0.0,mei,0.0,0.0,0.0,0.0,0.0,3,2,9,5,0.0,1,0.0,0.0,0.0,15,0.0,7,0.0
99661,Botafogo,-1,0.0,ata,0.0,1,0.0,0.0,0.0,9,3,4,5,0.0,2,0.0,0.0,1,11,0.0,4,0.0
50293,Palmeiras,0,0.0,mei,0.0,0.0,0.0,0.0,0.0,2,1,2,2,0.0,0.0,0.0,0.0,0.0,1,0.0,2,0.0
84382,Vasco,0,0.0,lat,2,3,1,0.0,0.0,33,5,7,9,1,2,0.0,0.0,1,47,0.0,23,5
106160,Vasco,0,0.0,gol,0.0,0.0,0.0,0.0,0.0,0.0,0.0,0.0,0.0,0.0,0.0,0.0,0.0,0.0,0.0,0.0,0.0,0.0
101040,São Paulo,0,0.0,zag,0.0,0.0,0.0,0.0,0.0,0.0,0.0,0.0,0.0,0.0,0.0,0.0,0.0,0.0,0.0,0.0,0.0,0.0
99721,Fluminense,0,0.0,lat,0.0,1,0.0,0.0,0.0,0.0,0.0,0.0,0.0,0.0,0.0,0.0,0.0,0.0,1,0.0,0.0,0.0
99918,Grêmio,0,0.0,mei,0.0,1,0.0,0.0,0.0,3,3,1,12,0.0,1,0.0,0.0,0.0,8,0.0,6,0.0
42234,Corinthians,8,0.0,gol,0.0,6,0.0,27,1,1,0.0,0.0,6,0.0,0.0,0.0,24,0.0,13,0.0,0.0,12
98822,Atlético-MG,0,0.0,lat,0.0,2,0.0,0.0,0.0,10,1,1,6,0.0,0.0,0.0,0.0,0.0,10,0.0,3,0.0
99789,Fluminense,0,0.0,ata,0.0,0.0,0.0,0.0,0.0,2,2,4,4,1,0.0,0.0,0.0,0.0,6,0.0,4,0.0
101290,Grêmio,0,0.0,ata,1,0.0,0.0,0.0,0.0,1,0.0,1,4,0.0,0.0,0.0,0.0,0.0,1,0.0,1,0.0
84428,Ceará,0,0.0,mei,0.0,1,0.0,0.0,0.0,17,2,6,11,0.0,0.0,0.0,0.0,1,23,0.0,22,0.0
50328,Grêmio,0,0.0,zag,0.0,0.0,0.0,0.0,0.0,0.0,0.0,0.0,0.0,0.0,0.0,0.0,0.0,0.0,0.0,0.0,0.0,0.0
82634,Internacional,0,0.0,mei,0.0,0.0,0.0,0.0,0.0,0.0,0.0,0.0,0.0,0.0,0.0,0.0,0.0,0.0,0.0,0.0,0.0,0.0
106312,Avaí,0,0.0,mei,0.0,0.0,0.0,0.0,0.0,0.0,0.0,0.0,0.0,0.0,0.0,0.0,0.0,0.0,0.0,0.0,0.0,0.0
42477,Chapecoense,-3.8,0.0,zag,0.0,2,0.0,0.0,0.0,18,2,1,9,0.0,0.0,0.0,0.0,0.0,15,0.0,7,5
50407,Vasco,0,0.0,mei,0.0,0.0,0.0,0.0,0.0,10,2,1,3,0.0,0.0,0.0,0.0,1,7,0.0,6,0.0
106202,Vasco,0,0.0,mei,0.0,3,0.0,0.0,0.0,11,0.0,2,8,0.0,1,0.0,0.0,0.0,7,0.0,4,0.0
99903,Botafogo,0,0.0,ata,0.0,2,0.0,0.0,0.0,10,2,3,10,0.0,0.0,0.0,0.0,0.0,6,0.0,9,0.0
106219,Atlético-PR,0,0.0,mei,0.0,0.0,0.0,0.0,0.0,0.0,0.0,0.0,0.0,0.0,0.0,0.0,0.0,0.0,0.0,0.0,0.0,0.0
50408,Vasco,0,0.0,zag,0.0,0.0,0.0,0.0,0.0,0.0,0.0,0.0,0.0,0.0,0.0,0.0,0.0,0.0,0.0,0.0,0.0,0.0
98832,Grêmio,0,0.0,mei,2,0.0,0.0,0.0,0.0,10,4,7,11,0.0,3,0.0,0.0,0.0,23,0.0,12,0.0
50459,Cruzeiro,0,0.0,zag,0.0,1,0.0,0.0,0.0,18,1,0.0,6,0.0,0.0,0.0,0.0,0.0,17,0.0,15,3
106323,Botafogo,0,0.0,mei,0.0,0.0,0.0,0.0,0.0,0.0,0.0,0.0,0.0,0.0,0.0,0.0,0.0,0.0,0.0,0.0,0.0,0.0
106371,Grêmio,0,0.0,ata,0.0,0.0,0.0,0.0,0.0,0.0,0.0,0.0,0.0,0.0,0.0,0.0,0.0,0.0,0.0,0.0,0.0,0.0
42491,Atlético-PR,13.7,0.0,lat,3,6,0.0,0.0,0.0,37,1,5,24,0.0,1,0.0,0.0,3,56,0.0,22,11
99392,Goiás,9.2,0.0,ata,4,5,1,0.0,0.0,33,23,31,46,2,9,0.0,0.0,14,74,0.0,30,0.0
42499,Internacional,0,0.0,lat,0.0,1,1,0.0,0.0,7,0.0,1,5,0.0,0.0,0.0,0.0,0.0,15,0.0,7,4
50645,Chapecoense,3.7,0.0,lat,1,3,0.0,0.0,0.0,23,2,6,23,0.0,0.0,0.0,0.0,0.0,57,0.0,27,7
42500,Corinthians,12.4,0.0,lat,3,6,0.0,0.0,0.0,25,5,5,39,0.0,1,0.0,0.0,0.0,81,0.0,48,11
106612,Atlético-PR,5.87,0.0,tec,0.0,0.0,0.0,0.0,0.0,0.0,0.0,0.0,0.0,0.0,0.0,0.0,0.0,0.0,0.0,0.0,0.0,0.0
101315,Internacional,-2.6,0.0,mei,0.0,4,0.0,0.0,0.0,18,4,7,10,0.0,3,0.0,0.0,0.0,21,0.0,10,0.0
84462,CSA,1.5,0.0,ata,0.0,3,0.0,0.0,0.0,12,2,2,6,0.0,0.0,0.0,0.0,0.0,10,0.0,4,0.0
98888,Avaí,0,0.0,gol,0.0,0.0,0.0,0.0,0.0,0.0,0.0,0.0,0.0,0.0,0.0,0.0,0.0,0.0,0.0,0.0,0.0,0.0
99430,Botafogo,0,0.0,gol,0.0,0.0,0.0,0.0,0.0,0.0,0.0,0.0,0.0,0.0,0.0,0.0,0.0,0.0,0.0,0.0,0.0,0.0
99032,Avaí,1.3,0.0,ata,3,2,0.0,0.0,0.0,26,13,13,33,1,0.0,0.0,0.0,4,60,0.0,24,0.0
101316,Avaí,0,0.0,zag,0.0,0.0,0.0,0.0,0.0,0.0,0.0,0.0,0.0,0.0,0.0,0.0,0.0,0.0,0.0,0.0,0.0,0.0
106161,Avaí,1.3,0.0,ata,0.0,3,0.0,0.0,0.0,20,5,11,22,0.0,3,0.0,0.0,2,21,0.0,6,0.0
42501,Flamengo,1.8,0.0,zag,0.0,0.0,0.0,0.0,0.0,6,1,2,0.0,0.0,0.0,0.0,0.0,0.0,4,0.0,3,3
99459,Avaí,0,0.0,mei,0.0,0.0,0.0,0.0,0.0,0.0,0.0,0.0,0.0,0.0,0.0,0.0,0.0,0.0,0.0,0.0,0.0,0.0
84890,CSA,3.1,0.0,lat,0.0,2,0.0,0.0,0.0,13,5,8,10,1,0.0,0.0,0.0,1,18,0.0,10,1
50877,Ceará,1.5,0.0,mei,0.0,3,0.0,0.0,0.0,17,1,1,16,0.0,0.0,0.0,0.0,1,7,0.0,17,0.0
50294,Fluminense,0,0.0,mei,0.0,2,0.0,0.0,0.0,4,0.0,3,3,0.0,0.0,0.0,0.0,0.0,7,0.0,2,0.0
101319,Atlético-MG,0,0.0,lat,4,0.0,0.0,0.0,0.0,13,1,3,13,0.0,0.0,0.0,0.0,2,49,0.0,36,1
51042,CSA,3.9,0.0,lat,1,5,0.0,0.0,0.0,50,13,14,45,0.0,4,0.0,0.0,12,52,0.0,12,8
101375,CSA,0,0.0,mei,0.0,0.0,0.0,0.0,0.0,0.0,0.0,0.0,0.0,0.0,0.0,0.0,0.0,0.0,0.0,0.0,0.0,0.0
99802,Avaí,-1.1,0.0,mei,0.0,4,0.0,0.0,0.0,49,8,21,32,0.0,1,0.0,0.0,1,72,0.0,48,0.0
84509,Ceará,-0.5,0.0,zag,1,5,0.0,0.0,0.0,26,3,6,16,0.0,0.0,0.0,0.0,0.0,23,0.0,31,6
51413,Corinthians,0,0.0,gol,0.0,0.0,0.0,13,1,0.0,0.0,0.0,1,0.0,0.0,0.0,6,0.0,4,0.0,0.0,2
47134,Fortaleza,0,0.0,mei,0.0,0.0,0.0,0.0,0.0,0.0,0.0,0.0,0.0,0.0,0.0,0.0,0.0,0.0,0.0,0.0,0.0,0.0
106199,Vasco,0,0.0,mei,0.0,0.0,0.0,0.0,0.0,1,0.0,1,5,0.0,0.0,0.0,0.0,0.0,7,0.0,3,0.0
100002,Botafogo,0,0.0,mei,0.0,1,0.0,0.0,0.0,3,0.0,1,7,0.0,0.0,0.0,0.0,0.0,4,0.0,2,0.0
106681,Corinthians,0,0.0,ata,0.0,0.0,0.0,0.0,0.0,0.0,0.0,0.0,0.0,0.0,0.0,0.0,0.0,0.0,0.0,0.0,0.0,0.0
100065,Flamengo,6.6,0.0,ata,1,1,0.0,0.0,0.0,3,4,5,8,0.0,2,0.0,0.0,1,8,0.0,2,0.0
100084,São Paulo,0.4,0.0,mei,1,3,0.0,0.0,0.0,19,7,6,25,0.0,2,0.0,0.0,1,28,0.0,10,0.0
99881,Vasco,0,0.0,zag,0.0,2,0.0,0.0,0.0,14,1,4,8,0.0,1,0.0,0.0,0.0,25,0.0,26,3
101422,Atlético-MG,0,0.0,ata,0.0,0.0,0.0,0.0,0.0,0.0,0.0,0.0,0.0,0.0,0.0,0.0,0.0,0.0,1,0.0,0.0,0.0
50301,São Paulo,0,0.0,mei,2,3,0.0,0.0,0.0,32,3,3,22,0.0,1,0.0,0.0,7,31,0.0,18,0.0
51194,Chapecoense,0,0.0,zag,0.0,4,0.0,0.0,0.0,5,1,0.0,6,0.0,1,0.0,0.0,0.0,21,0.0,9,1
100103,Atlético-PR,0,0.0,ata,0.0,0.0,0.0,0.0,0.0,4,2,2,1,0.0,0.0,0.0,0.0,0.0,1,0.0,0.0,0.0
106683,CSA,0,0.0,tec,0.0,0.0,0.0,0.0,0.0,0.0,0.0,0.0,0.0,0.0,0.0,0.0,0.0,0.0,0.0,0.0,0.0,0.0
106682,Vasco,0,0.0,gol,0.0,0.0,0.0,0.0,0.0,0.0,0.0,0.0,0.0,0.0,0.0,0.0,0.0,0.0,0.0,0.0,0.0,0.0
101483,Grêmio,0,0.0,ata,0.0,0.0,0.0,0.0,0.0,0.0,0.0,0.0,0.0,0.0,0.0,0.0,0.0,0.0,0.0,0.0,0.0,0.0
99900,Avaí,0,0.0,mei,1,4,0.0,0.0,0.0,14,2,4,15,0.0,0.0,0.0,0.0,0.0,15,0.0,11,0.0
99891,Atlético-MG,0,0.0,ata,1,0.0,0.0,0.0,0.0,9,11,12,25,1,3,0.0,0.0,4,49,0.0,20,0.0
100125,Flamengo,0,0.0,zag,0.0,2,0.0,0.0,0.0,12,0.0,0.0,4,0.0,0.0,0.0,0.0,0.0,10,0.0,4,5
50313,Chapecoense,0,0.0,mei,0.0,5,0.0,0.0,0.0,23,3,9,19,0.0,0.0,0.0,0.0,0.0,25,0.0,15,0.0
106200,Vasco,0,0.0,ata,0.0,0.0,0.0,0.0,0.0,0.0,0.0,0.0,0.0,0.0,0.0,0.0,0.0,0.0,0.0,0.0,0.0,0.0
100289,Fortaleza,0,0.0,ata,1,0.0,0.0,0.0,0.0,7,2,6,15,0.0,1,0.0,0.0,1,13,0.0,4,0.0
100430,Avaí,0,0.0,ata,0.0,0.0,0.0,0.0,0.0,3,0.0,1,1,0.0,0.0,0.0,0.0,0.0,0.0,0.0,0.0,0.0
100290,Santos,0,0.0,ata,0.0,0.0,0.0,0.0,0.0,2,0.0,1,0.0,0.0,0.0,0.0,0.0,0.0,1,0.0,0.0,0.0
101484,Atlético-PR,0,0.0,mei,4,5,0.0,0.0,0.0,31,13,7,20,3,3,0.0,0.0,4,39,0.0,14,0.0
81091,Atlético-MG,4,0.0,mei,0.0,3,0.0,0.0,0.0,19,0.0,1,20,0.0,1,0.0,0.0,0.0,14,0.0,25,0.0
81241,Vasco,3,0.0,zag,0.0,5,0.0,0.0,0.0,14,3,4,7,1,1,1,0.0,1,28,0.0,18,9
50317,Grêmio,0,0.0,zag,2,0.0,0.0,0.0,0.0,13,4,12,2,0.0,2,0.0,0.0,0.0,18,0.0,24,5
83257,Flamengo,0,0.0,ata,5,9,1,0.0,0.0,18,31,32,25,0.0,22,0.0,0.0,16,52,0.0,8,0.0
100425,CSA,0,0.0,ata,1,1,0.0,0.0,0.0,34,4,8,12,0.0,1,0.0,0.0,1,17,0.0,12,0.0
51415,Fortaleza,0,0.0,zag,0.0,0.0,0.0,0.0,0.0,5,0.0,3,3,0.0,0.0,0.0,0.0,0.0,24,0.0,5,2
50324,São Paulo,0,0.0,mei,1,3,0.0,0.0,0.0,26,4,1,10,0.0,1,0.0,0.0,1,18,0.0,23,0.0
51772,Flamengo,7.5,0.0,mei,7,3,0.0,0.0,0.0,27,11,16,45,0.0,1,0.0,0.0,1,84,0.0,36,0.0
100742,Grêmio,-0.7,0.0,mei,1,9,0.0,0.0,0.0,33,4,4,20,0.0,0.0,0.0,0.0,0.0,41,0.0,25,0.0
101512,CSA,0,0.0,mei,0.0,0.0,0.0,0.0,0.0,0.0,0.0,0.0,0.0,0.0,0.0,0.0,0.0,0.0,0.0,0.0,0.0,0.0
101491,Avaí,0,0.0,zag,0.0,4,0.0,0.0,0.0,21,2,5,5,0.0,0.0,1,0.0,3,47,0.0,19,7
81677,Santos,4.5,0.0,mei,9,4,0.0,0.0,0.0,39,23,33,70,2,10,0.0,0.0,7,114,2,33,0.0
81150,Palmeiras,-1.1,0.0,lat,0.0,0.0,0.0,0.0,0.0,2,0.0,0.0,1,0.0,0.0,1,0.0,0.0,6,0.0,0.0,1
52253,Atlético-MG,3.3,0.0,zag,2,3,0.0,0.0,0.0,11,5,13,20,2,1,0.0,0.0,1,39,0.0,41,6
52190,Corinthians,0,0.0,mei,0.0,1,0.0,0.0,0.0,23,2,2,31,1,1,0.0,0.0,0.0,24,0.0,57,0.0
101573,Flamengo,0,0.0,mei,0.0,0.0,0.0,0.0,0.0,0.0,0.0,0.0,0.0,0.0,0.0,0.0,0.0,0.0,0.0,0.0,0.0,0.0
101574,Flamengo,0,0.0,gol,0.0,0.0,0.0,0.0,0.0,0.0,0.0,0.0,0.0,0.0,0.0,0.0,0.0,0.0,0.0,0.0,0.0,0.0
100761,São Paulo,-0.5,0.0,mei,0.0,2,0.0,0.0,0.0,20,2,6,13,0.0,0.0,0.0,0.0,0.0,31,0.0,22,0.0
101579,Atlético-PR,0,0.0,zag,0.0,1,0.0,0.0,0.0,11,1,2,1,0.0,0.0,0.0,0.0,0.0,12,0.0,4,5
52674,Botafogo,0,0.0,lat,1,3,2,0.0,0.0,20,0.0,1,16,0.0,0.0,0.0,0.0,0.0,37,0.0,19,5
101580,Santos,0,0.0,mei,0.0,0.0,0.0,0.0,0.0,0.0,0.0,0.0,0.0,0.0,0.0,0.0,0.0,0.0,0.0,0.0,0.0,0.0
52618,São Paulo,0,0.0,zag,0.0,5,0.0,0.0,0.0,12,0.0,0.0,1,0.0,0.0,0.0,0.0,0.0,12,0.0,13,4
100763,São Paulo,0,0.0,mei,0.0,0.0,0.0,0.0,0.0,0.0,1,1,1,0.0,0.0,0.0,0.0,1,2,0.0,1,0.0
52558,Vasco,1.5,0.0,mei,0.0,2,0.0,0.0,0.0,6,0.0,2,12,0.0,2,0.0,0.0,1,11,1,3,0.0
84523,Fortaleza,2.9,0.0,ata,4,1,0.0,0.0,0.0,17,12,7,73,0.0,3,0.0,0.0,3,50,0.0,19,0.0
100830,Grêmio,0,0.0,gol,0.0,0.0,0.0,0.0,0.0,0.0,0.0,0.0,0.0,0.0,0.0,0.0,0.0,0.0,0.0,0.0,0.0,0.0
101592,Flamengo,0,0.0,zag,0.0,0.0,0.0,0.0,0.0,0.0,0.0,0.0,1,0.0,0.0,0.0,0.0,1,2,0.0,0.0,0.0
84554,Goiás,0,0.0,zag,0.0,0.0,0.0,0.0,0.0,0.0,0.0,0.0,0.0,0.0,0.0,0.0,0.0,0.0,1,0.0,1,0.0
52950,Atlético-MG,0,0.0,gol,0.0,1,0.0,17,0.0,0.0,0.0,0.0,0.0,0.0,0.0,0.0,11,0.0,7,0.0,0.0,1
81776,Atlético-PR,0,0.0,mei,0.0,1,0.0,0.0,0.0,10,6,4,15,2,0.0,0.0,0.0,0.0,15,0.0,6,0.0
81770,Vasco,0,0.0,ata,0.0,1,0.0,0.0,0.0,7,5,3,0.0,0.0,0.0,0.0,0.0,0.0,5,0.0,0.0,0.0
81798,Vasco,0,0.0,ata,2,7,0.0,0.0,0.0,32,16,14,43,1,1,0.0,0.0,4,66,1,19,0.0
54395,Atlético-MG,0,0.0,mei,1,3,1,0.0,0.0,29,5,8,17,1,1,0.0,0.0,0.0,63,0.0,28,0.0
60819,Cruzeiro,0,0.0,zag,0.0,2,0.0,0.0,0.0,14,4,6,21,0.0,3,0.0,0.0,0.0,45,0.0,28,8
81845,Grêmio,5,0.0,mei,6,5,0.0,0.0,0.0,21,15,10,50,0.0,3,0.0,0.0,1,40,0.0,19,0.0
60852,Internacional,3.4,0.0,lat,2,1,0.0,0.0,0.0,22,2,5,5,0.0,0.0,0.0,0.0,5,43,0.0,26,5
81905,Palmeiras,0,0.0,ata,0.0,0.0,0.0,0.0,0.0,3,1,1,1,0.0,0.0,0.0,0.0,1,1,0.0,2,0.0
101594,Flamengo,0,0.0,mei,1,1,0.0,0.0,0.0,1,0.0,0.0,0.0,0.0,0.0,0.0,0.0,0.0,3,0.0,2,0.0
101596,Flamengo,0,0.0,ata,1,0.0,0.0,0.0,0.0,2,1,0.0,1,0.0,0.0,0.0,0.0,0.0,0.0,0.0,1,0.0
81881,Chapecoense,-2.3,0.0,gol,0.0,0.0,0.0,19,0.0,0.0,0.0,0.0,0.0,0.0,0.0,0.0,10,0.0,3,0.0,0.0,2
60969,Atlético-MG,7.1,0.0,lat,1,3,0.0,0.0,0.0,30,6,10,8,0.0,1,1,0.0,2,55,0.0,24,5
51495,Ceará,0,0.0,zag,1,1,0.0,0.0,0.0,15,2,2,4,1,1,0.0,0.0,2,28,0.0,13,4
81951,Fluminense,0,0.0,lat,0.0,1,0.0,0.0,0.0,16,2,1,16,0.0,0.0,0.0,0.0,0.0,13,0.0,14,3
82453,Goiás,13.5,0.0,gol,0.0,0.0,0.0,89,2,0.0,0.0,0.0,8,0.0,0.0,0.0,48,0.0,18,0.0,0.0,10
105201,Cruzeiro,0,0.0,ata,0.0,0.0,0.0,0.0,0.0,2,0.0,0.0,3,0.0,0.0,0.0,0.0,1,0.0,0.0,0.0,0.0
82411,Santos,0,0.0,mei,0.0,1,0.0,0.0,0.0,4,0.0,0.0,4,0.0,0.0,0.0,0.0,0.0,12,0.0,5,0.0
82407,Ceará,6.7,0.0,mei,1,1,0.0,0.0,0.0,22,2,1,20,0.0,0.0,0.0,0.0,0.0,9,0.0,11,0.0
81682,Atlético-MG,11.2,0.0,mei,1,2,1,0.0,0.0,19,19,23,7,1,5,0.0,0.0,0.0,77,0.0,15,0.0
61149,Bahia,3.5,0.0,ata,0.0,1,0.0,0.0,0.0,15,10,10,26,0.0,0.0,0.0,0.0,1,21,0.0,10,0.0
100652,Santos,0,0.0,ata,0.0,0.0,0.0,0.0,0.0,0.0,0.0,0.0,0.0,0.0,0.0,0.0,0.0,0.0,0.0,0.0,0.0,0.0
80944,Goiás,0,0.0,mei,0.0,1,0.0,0.0,0.0,9,0.0,6,10,1,2,0.0,0.0,1,19,0.0,7,0.0
82455,Palmeiras,0,0.0,mei,3,4,0.0,0.0,0.0,48,10,13,54,1,1,0.0,0.0,3,26,0.0,30,0.0
82474,Avaí,0,0.0,mei,0.0,2,0.0,0.0,0.0,14,5,6,6,1,1,0.0,0.0,0.0,14,0.0,14,0.0
82613,CSA,16.3,0.0,zag,0.0,5,0.0,0.0,0.0,23,1,7,5,0.0,1,0.0,0.0,3,33,0.0,28,6
80949,Botafogo,0,0.0,ata,0.0,0.0,0.0,0.0,0.0,0.0,0.0,0.0,0.0,0.0,0.0,0.0,0.0,0.0,0.0,0.0,0.0,0.0
82628,Fortaleza,0,0.0,lat,2,0.0,0.0,0.0,0.0,8,0.0,4,6,0.0,3,0.0,0.0,0.0,64,0.0,19,4
51549,Fortaleza,0,0.0,zag,0.0,1,0.0,0.0,0.0,1,0.0,0.0,0.0,0.0,0.0,0.0,0.0,0.0,1,0.0,0.0,0.0
61033,Cruzeiro,0,0.0,mei,0.0,2,0.0,0.0,0.0,3,1,3,7,0.0,1,0.0,0.0,1,9,0.0,4,0.0
81031,Chapecoense,2.05,0.0,tec,0.0,0.0,0.0,0.0,0.0,0.0,0.0,0.0,0.0,0.0,0.0,0.0,0.0,0.0,0.0,0.0,0.0,0.0
100712,Corinthians,0,0.0,gol,0.0,0.0,0.0,0.0,0.0,0.0,0.0,0.0,0.0,0.0,0.0,0.0,0.0,0.0,0.0,0.0,0.0,0.0
61985,Fluminense,0,0.0,mei,0.0,2,1,0.0,0.0,10,0.0,0.0,12,0.0,0.0,0.0,0.0,0.0,7,0.0,6,0.0
84893,Vasco,-0.1,0.0,lat,0.0,5,0.0,0.0,0.0,20,1,2,27,0.0,0.0,0.0,0.0,0.0,20,0.0,17,6
84709,Internacional,1.1,0.0,ata,3,6,0.0,0.0,0.0,26,16,21,16,2,1,0.0,0.0,14,46,0.0,21,0.0
84847,Santos,-0.9,0.0,zag,0.0,3,0.0,0.0,0.0,9,1,2,3,0.0,0.0,0.0,0.0,0.0,14,0.0,6,3
61188,Bahia,5.3,0.0,ata,3,1,0.0,0.0,0.0,30,16,29,19,3,12,0.0,0.0,8,37,0.0,23,0.0
61228,CSA,0,0.0,gol,0.0,0.0,0.0,0.0,0.0,0.0,0.0,0.0,0.0,0.0,0.0,0.0,0.0,0.0,0.0,0.0,0.0,0.0
84854,Avaí,0,0.0,gol,0.0,0.0,0.0,6,0.0,0.0,0.0,0.0,0.0,0.0,0.0,0.0,7,0.0,2,0.0,0.0,0.0
86749,Vasco,0.7,0.0,mei,0.0,0.0,0.0,0.0,0.0,1,4,3,5,0.0,0.0,0.0,0.0,0.0,4,0.0,0.0,0.0
62121,Santos,0,0.0,gol,0.0,0.0,0.0,15,0.0,0.0,0.0,0.0,2,0.0,0.0,0.0,6,0.0,4,0.0,0.0,3
85004,Fluminense,10.7,0.0,gol,0.0,1,0.0,5,0.0,0.0,0.0,0.0,1,0.0,0.0,0.0,1,0.0,2,0.0,1,2
94981,Bahia,0,0.0,mei,0.0,0.0,0.0,0.0,0.0,0.0,0.0,0.0,0.0,0.0,0.0,0.0,0.0,0.0,0.0,0.0,0.0,0.0
62009,Chapecoense,0.8,0.0,mei,4,2,0.0,0.0,0.0,31,11,19,23,1,1,0.0,0.0,5,51,0.0,20,0.0
86120,Palmeiras,0,0.0,ata,1,1,0.0,0.0,0.0,7,4,7,8,0.0,1,0.0,0.0,2,8,0.0,2,0.0
86116,Avaí,0,0.0,mei,0.0,2,0.0,0.0,0.0,8,0.0,3,14,0.0,0.0,0.0,0.0,0.0,12,0.0,8,0.0
62128,Goiás,0,0.0,ata,0.0,0.0,0.0,0.0,0.0,0.0,0.0,0.0,0.0,0.0,0.0,0.0,0.0,0.0,0.0,0.0,0.0,0.0
84863,Botafogo,4.67,0.0,tec,0.0,0.0,0.0,0.0,0.0,0.0,0.0,0.0,0.0,0.0,0.0,0.0,0.0,0.0,0.0,0.0,0.0,0.0
85931,Palmeiras,-1.1,0.0,mei,1,1,0.0,0.0,0.0,9,4,5,6,1,0.0,0.0,0.0,0.0,7,0.0,5,0.0
85300,Flamengo,0,0.0,ata,2,1,1,0.0,0.0,15,1,6,4,0.0,1,0.0,0.0,0.0,16,0.0,8,0.0
86143,Bahia,0,0.0,zag,0.0,1,0.0,0.0,0.0,4,0.0,1,1,0.0,0.0,0.0,0.0,0.0,3,0.0,3,0.0
62023,Internacional,3,0.0,mei,2,6,0.0,0.0,0.0,8,12,11,19,1,1,0.0,0.0,7,80,1,8,0.0
86686,São Paulo,0.2,0.0,mei,0.0,6,0.0,0.0,0.0,42,12,15,42,0.0,1,0.0,0.0,1,65,0.0,46,0.0
85423,Vasco,0,0.0,mei,1,0.0,0.0,0.0,0.0,11,3,5,11,0.0,0.0,0.0,0.0,0.0,14,0.0,5,0.0
62033,Bahia,-0.5,0.0,ata,0.0,1,1,0.0,0.0,12,9,20,18,0.0,5,0.0,0.0,9,13,0.0,6,0.0
85418,Atlético-MG,0,0.0,gol,0.0,0.0,0.0,0.0,0.0,0.0,0.0,0.0,0.0,0.0,0.0,0.0,0.0,0.0,0.0,0.0,0.0,0.0
62086,Santos,-5.6,0.0,lat,0.0,4,1,0.0,0.0,19,0.0,1,10,0.0,0.0,0.0,0.0,0.0,17,0.0,19,5
85465,Botafogo,0.5,0.0,mei,1,2,0.0,0.0,0.0,17,10,19,36,1,5,0.0,0.0,1,27,0.0,17,0.0
85425,Santos,0,0.0,gol,0.0,0.0,0.0,0.0,0.0,0.0,0.0,0.0,0.0,0.0,0.0,0.0,0.0,0.0,0.0,0.0,0.0,0.0
62047,Palmeiras,0,0.0,mei,0.0,0.0,0.0,0.0,0.0,2,0.0,1,1,0.0,0.0,0.0,0.0,0.0,7,0.0,1,0.0
85626,São Paulo,0,0.0,lat,0.0,1,0.0,0.0,0.0,2,0.0,0.0,2,0.0,0.0,0.0,0.0,0.0,3,0.0,2,1
86711,Vasco,1.9,0.0,mei,1,6,0.0,0.0,0.0,35,4,5,28,0.0,0.0,0.0,0.0,0.0,35,0.0,38,0.0
84860,Atlético-PR,0,0.0,lat,2,0.0,0.0,0.0,0.0,6,0.0,0.0,5,0.0,0.0,0.0,0.0,0.0,9,0.0,5,1
62968,Atlético-MG,0,0.0,ata,2,1,0.0,0.0,0.0,8,1,3,6,0.0,0.0,0.0,0.0,1,11,0.0,6,0.0
62104,Cruzeiro,4.4,0.0,mei,1,8,0.0,0.0,0.0,34,7,16,28,0.0,1,0.0,0.0,0.0,98,0.0,20,0.0
62129,Atlético-PR,-3.3,0.0,mei,1,11,0.0,0.0,0.0,48,4,3,14,0.0,0.0,0.0,0.0,0.0,61,0.0,17,0.0
86740,Ceará,0.5,0.0,lat,0.0,1,0.0,0.0,0.0,14,7,8,9,0.0,1,1,0.0,4,60,0.0,32,6
84861,Avaí,0,0.0,lat,0.0,1,0.0,0.0,0.0,2,1,1,3,0.0,0.0,0.0,0.0,0.0,1,0.0,1,0.0
86410,Palmeiras,-1.2,0.0,lat,0.0,2,1,0.0,0.0,9,0.0,3,3,0.0,0.0,0.0,0.0,0.0,3,0.0,3,0.0
86264,Internacional,0,0.0,lat,0.0,2,0.0,0.0,0.0,8,0.0,1,4,0.0,0.0,1,0.0,0.0,15,0.0,9,2
86444,Fluminense,1.2,0.0,ata,0.0,0.0,0.0,0.0,0.0,2,1,1,4,0.0,0.0,0.0,0.0,1,1,0.0,4,0.0
86380,Avaí,0.4,0.0,mei,0.0,2,0.0,0.0,0.0,15,1,1,21,0.0,0.0,0.0,0.0,0.0,19,0.0,22,0.0
